COD_NODE1,COD_PATH,pOriginPath,pDestinationPath,pDistanceOOP,pFirstStation,PathLength
GEN-970,1,1,0,,0,3069.759
970,1,0,0,0.0,1,3069.759
OWN-970,1,0,0,0.0,0,3069.759
7750,1,0,0,0.354,0,3069.759
1029,1,0,0,0.0580000000000007,0,3069.759
A320,1,0,0,0.634500000000001,0,3069.759
7256,1,0,0,0.203,0,3069.759
A205,1,0,0,1.3255,0,3069.759
965,1,0,0,0.0,0,3069.759
OWN-965,1,0,0,0.0,0,3069.759
965-1,1,0,0,0.0,0,3069.759
OWN-965-1,1,0,0,0.0,0,3069.759
A205-1,1,0,0,0.395000000000039,0,3069.759
964,1,0,0,0.273500000000013,0,3069.759
A388,1,0,0,0.322500000000048,0,3069.759
A392,1,0,0,0.518000000000029,0,3069.759
2266,1,0,0,0.672500000000014,0,3069.759
2210,1,0,0,0.34500000000002695,0,3069.759
A005,1,0,0,0.778999999999996,0,3069.759
7903,1,0,0,0.7785000000000079,0,3069.759
A107,1,0,0,0.30400000000003,0,3069.759
5782,1,0,0,0.14050000000003102,0,3069.759
9569,1,0,0,11.485999999999999,0,3069.759
2260,1,0,0,1.44549999999998,0,3069.759
767,1,0,0,0.348500000000058,0,3069.759
A117,1,0,0,1.0085000000000302,0,3069.759
5567,1,0,0,0.8865000000000121,0,3069.759
2404,1,0,0,0.01,0,3069.759
817,1,0,0,1.09600000000006,0,3069.759
966,1,0,0,1.59449999999998,0,3069.759
920,1,0,0,0.761000000000024,0,3069.759
3510,1,0,0,0.41350000000005604,0,3069.759
OWN-3510,1,0,0,0.41350000000005604,0,3069.759
7202,1,0,0,0.129000000000019,0,3069.759
A399,1,0,0,0.730500000000063,0,3069.759
8491,1,0,0,0.41900000000004,0,3069.759
A157,1,0,0,0.01,0,3069.759
6951,1,0,0,0.90850000000006,0,3069.759
810,1,0,0,0.01,0,3069.759
2216,1,0,0,0.01,0,3069.759
A426,1,0,0,0.266500000000065,0,3069.759
5720,1,0,0,0.0625000000000568,0,3069.759
7678,1,0,0,0.9155000000000091,0,3069.759
2806,1,0,0,1.90300000000002,0,3069.759
2246,1,0,0,0.7930000000000059,0,3069.759
A150,1,0,0,1.411,0,3069.759
B767,1,0,0,0.479000000000042,0,3069.759
7735,1,0,0,0.535000000000025,0,3069.759
B907,1,0,0,2.11100000000005,0,3069.759
2330,1,0,0,3.3630000000000604,0,3069.759
2328,1,0,0,0.02800000000002,0,3069.759
A520,1,0,0,0.20150000000001003,0,3069.759
7667,1,0,0,0.0,0,3069.759
OWN-7667,1,0,0,0.0,0,3069.759
7667-1,1,0,0,0.0,0,3069.759
OWN-7667-1,1,0,0,0.0,0,3069.759
F166,1,0,0,0.26050000000003604,0,3069.759
7726,1,0,0,0.06399999999999299,0,3069.759
8528,1,0,0,0.0569999999999879,0,3069.759
OWN-8528,1,0,0,0.0569999999999879,0,3069.759
7694,1,0,0,0.0380000000000109,0,3069.759
F629,1,0,0,0.01,0,3069.759
3289,1,0,0,0.01,0,3069.759
3058,1,0,0,0.0430000000000064,0,3069.759
F269,1,0,0,0.830000000000013,0,3069.759
X101,1,0,0,0.0115000000000123,0,3069.759
3061,1,0,0,0.0109999999999957,0,3069.759
F252,1,0,0,0.6395000000000269,0,3069.759
F305,1,0,0,0.22950000000000198,0,3069.759
G790,1,0,0,0.803500000000014,0,3069.759
F258,1,0,0,0.320000000000022,0,3069.759
F327,1,0,0,0.284500000000008,0,3069.759
7746,1,0,0,0.0345000000000084,0,3069.759
F349,1,0,0,0.01,0,3069.759
F255,1,0,0,2.10100000000003,0,3069.759
X158,1,0,0,0.9660000000000079,0,3069.759
X082,1,0,0,0.711000000000013,0,3069.759
F256,1,0,0,1.03450000000001,0,3069.759
F272,1,0,0,0.23199999999999898,0,3069.759
7010,1,0,0,0.0940000000000225,0,3069.759
7020,1,0,0,9.736000000000018,0,3069.759
F311,1,0,0,1.0959999999999999,0,3069.759
5846,1,0,0,1.9180000000000101,0,3069.759
F635,1,0,0,0.519000000000005,0,3069.759
G861,1,0,0,0.507500000000022,0,3069.759
G347,1,0,0,0.146500000000032,0,3069.759
G949,1,0,0,0.52200000000002,0,3069.759
H928,1,0,0,0.440500000000014,0,3069.759
3682,1,0,0,0.866000000000014,0,3069.759
F325,1,0,0,0.8825000000000219,0,3069.759
G350,1,0,0,0.351000000000028,0,3069.759
3253,1,0,0,0.330000000000013,0,3069.759
F322,1,0,0,0.7930000000000059,0,3069.759
G353,1,0,0,0.679000000000002,0,3069.759
3222,1,0,0,0.878000000000014,0,3069.759
F042,1,0,0,0.306000000000012,0,3069.759
F257,1,0,0,0.306000000000012,0,3069.759
3226,1,0,0,1.21600000000001,0,3069.759
F025,1,0,0,0.579000000000036,0,3069.759
5987,1,0,0,0.549000000000007,0,3069.759
3275,1,0,0,1.262,0,3069.759
F288,1,0,0,1.28050000000002,0,3069.759
F071,1,0,0,1.23850000000002,0,3069.759
98,1,0,0,0.604500000000002,0,3069.759
F321,1,0,0,0.551500000000004,0,3069.759
574,1,0,0,0.571500000000015,0,3069.759
559,1,0,0,0.499500000000012,0,3069.759
F506,1,0,0,0.337500000000034,0,3069.759
F309,1,0,0,0.8430000000000178,0,3069.759
82,1,0,0,0.645499999999998,0,3069.759
3754,1,0,0,0.41950000000002796,0,3069.759
F497,1,0,0,0.01,0,3069.759
3931,1,0,0,0.48349999999999205,0,3069.759
F488,1,0,0,1.16300000000001,0,3069.759
274,1,0,0,0.0,0,3069.759
OWN-274,1,0,0,0.0,0,3069.759
274-1,1,0,0,0.0,0,3069.759
OWN-274-1,1,0,0,0.0,0,3069.759
3931-1,1,0,0,0.40049999999999397,0,3069.759
F497-1,1,0,0,0.01,0,3069.759
3754-1,1,0,0,0.447000000000003,0,3069.759
82-1,1,0,0,0.599000000000018,0,3069.759
F309-1,1,0,0,0.8045000000000191,0,3069.759
F506-1,1,0,0,0.364999999999981,0,3069.759
559-1,1,0,0,0.46249999999997704,0,3069.759
574-1,1,0,0,0.545500000000004,0,3069.759
F321-1,1,0,0,0.500499999999988,0,3069.759
F071-1,1,0,0,1.04649999999998,0,3069.759
3275-1,1,0,0,1.315,0,3069.759
F288-1,1,0,0,1.06650000000002,0,3069.759
98-1,1,0,0,0.47450000000000603,0,3069.759
5987-1,1,0,0,0.493500000000012,0,3069.759
F025-1,1,0,0,0.619500000000016,0,3069.759
3226-1,1,0,0,1.24199999999999,0,3069.759
F042-1,1,0,0,0.553500000000014,0,3069.759
F257-1,1,0,0,0.553500000000014,0,3069.759
3222-1,1,0,0,0.704000000000008,0,3069.759
G353-1,1,0,0,0.675000000000011,0,3069.759
F322-1,1,0,0,0.45850000000001506,0,3069.759
G350-1,1,0,0,0.5509999999999879,0,3069.759
3253-1,1,0,0,0.585999999999984,0,3069.759
F325-1,1,0,0,0.649000000000001,0,3069.759
3682-1,1,0,0,1.03199999999998,0,3069.759
H928-1,1,0,0,0.379999999999995,0,3069.759
G949-1,1,0,0,0.993500000000012,0,3069.759
G347-1,1,0,0,0.7574999999999928,0,3069.759
G861-1,1,0,0,0.34000000000000297,0,3069.759
F635-1,1,0,0,0.838999999999999,0,3069.759
F311-1,1,0,0,1.3125,0,3069.759
5846-1,1,0,0,2.1345,0,3069.759
7010-1,1,0,0,9.8125,0,3069.759
7020-1,1,0,0,0.0175000000000125,0,3069.759
F272-1,1,0,0,1.04849999999999,0,3069.759
F256-1,1,0,0,0.597999999999985,0,3069.759
X082-1,1,0,0,0.940500000000014,0,3069.759
X158-1,1,0,0,1.3884999999999899,0,3069.759
F255-1,1,0,0,0.01,0,3069.759
F349-1,1,0,0,0.01,0,3069.759
7746-1,1,0,0,0.01,0,3069.759
F258-1,1,0,0,0.01,0,3069.759
F327-1,1,0,0,0.01,0,3069.759
G790-1,1,0,0,0.8350000000000078,0,3069.759
F305-1,1,0,0,0.1995,0,3069.759
F252-1,1,0,0,0.662500000000023,0,3069.759
3061-1,1,0,0,0.13749999999998902,0,3069.759
X101-1,1,0,0,0.00600000000000023,0,3069.759
F269-1,1,0,0,0.833500000000015,0,3069.759
3058-1,1,0,0,0.01,0,3069.759
3289-1,1,0,0,0.01,0,3069.759
F629-1,1,0,0,0.01,0,3069.759
8589,1,0,0,0.01,0,3069.759
F050,1,0,0,0.0,0,3069.759
OWN-F050,1,0,0,0.0,0,3069.759
F050-1,1,0,0,0.0,0,3069.759
OWN-F050-1,1,0,0,0.0,0,3069.759
1221,1,0,0,1.55150000000003,0,3069.759
A511,1,0,0,0.01,0,3069.759
B933,1,0,0,0.0205000000000268,0,3069.759
983,1,0,0,0.0165000000000077,0,3069.759
1837,1,0,0,0.0205000000000268,0,3069.759
A550,1,0,0,0.01,0,3069.759
1303,1,0,0,0.0645000000000095,0,3069.759
1300,1,0,0,0.595500000000015,0,3069.759
2330-1,1,0,0,0.0810000000000173,0,3069.759
2328-1,1,0,0,3.3559999999999905,0,3069.759
B907-1,1,0,0,0.01,0,3069.759
7735-1,1,0,0,0.44650000000001505,0,3069.759
B767-1,1,0,0,0.45699999999999397,0,3069.759
A150-1,1,0,0,1.62450000000001,0,3069.759
2246-1,1,0,0,1.22700000000003,0,3069.759
2806-1,1,0,0,1.8495000000000301,0,3069.759
5720-1,1,0,0,0.0550000000000637,0,3069.759
7678-1,1,0,0,2.00500000000005,0,3069.759
A426-1,1,0,0,0.11450000000002099,0,3069.759
2216-1,1,0,0,0.131000000000029,0,3069.759
810-1,1,0,0,0.0860000000000127,0,3069.759
A157-1,1,0,0,1.2665000000000601,0,3069.759
6951-1,1,0,0,1.0475000000000698,0,3069.759
8491-1,1,0,0,0.35250000000002,0,3069.759
A399-1,1,0,0,0.874500000000012,0,3069.759
7202-1,1,0,0,0.24350000000004002,0,3069.759
3510-1,1,0,0,0.585500000000025,0,3069.759
OWN-3510-1,1,0,0,0.585500000000025,0,3069.759
920-1,1,0,0,0.582500000000039,0,3069.759
966-1,1,0,0,1.5445000000000302,0,3069.759
2404-1,1,0,0,0.0629999999999882,0,3069.759
817-1,1,0,0,1.2835,0,3069.759
767-1,1,0,0,0.531500000000051,0,3069.759
5567-1,1,0,0,0.990499999999997,0,3069.759
A117-1,1,0,0,1.11250000000001,0,3069.759
827,1,0,0,0.7725000000000359,0,3069.759
5782-1,1,0,0,0.676500000000033,0,3069.759
A107-1,1,0,0,0.8804999999999841,0,3069.759
9499,1,0,0,5.6843418860808e-14,0,3069.759
2277,1,0,0,0.13949999999999801,0,3069.759
9518,1,0,0,0.909000000000049,0,3069.759
A400,1,0,0,0.260000000000048,0,3069.759
A539,1,0,0,0.71550000000002,0,3069.759
2292,1,0,0,1.12700000000001,0,3069.759
9562,1,0,0,1.07800000000003,0,3069.759
964-1,1,0,0,1.3525000000000802,0,3069.759
A388-1,1,0,0,0.3005,0,3069.759
A362,1,0,0,1.20600000000002,0,3069.759
9544,1,0,0,1.53400000000005,0,3069.759
A465,1,0,0,1.01049999999998,0,3069.759
A470,1,0,0,0.114000000000033,0,3069.759
A471,1,0,0,0.63900000000001,0,3069.759
9542,1,0,0,0.949999999999989,0,3069.759
926,1,0,0,0.0,0,3069.759
OWN-926,1,0,0,0.0,0,3069.759
926-1,1,0,0,0.0,0,3069.759
OWN-926-1,1,0,0,0.0,0,3069.759
9542-1,1,0,0,0.793499999999995,0,3069.759
A471-1,1,0,0,0.0810000000000173,0,3069.759
A470-1,1,0,0,0.01,0,3069.759
A465-1,1,0,0,0.226499999999987,0,3069.759
9544-1,1,0,0,0.0449999999999591,0,3069.759
1025,1,0,0,0.01,0,3069.759
A454,1,0,0,0.0109999999999673,0,3069.759
A442,1,0,0,0.5015000000000779,0,3069.759
7240,1,0,0,0.245999999999981,0,3069.759
2249,1,0,0,0.49350000000004,0,3069.759
1026,1,0,0,0.26750000000004104,0,3069.759
7661,1,0,0,0.906000000000063,0,3069.759
A441,1,0,0,0.165500000000065,0,3069.759
OWN-A441,1,0,0,0.165500000000065,0,3069.759
A436,1,0,0,0.40700000000003894,0,3069.759
957,1,0,0,0.764499999999998,0,3069.759
A432,1,0,0,0.12199999999995699,0,3069.759
935,1,0,0,2.22199999999998,0,3069.759
A429,1,0,0,1.16849999999999,0,3069.759
2226,1,0,0,0.9415000000000191,0,3069.759
2221,1,0,0,0.83400000000006,0,3069.759
B715,1,0,0,0.130000000000109,0,3069.759
7808,1,0,0,1.65300000000002,0,3069.759
A649,1,0,0,4.37800000000004,0,3069.759
A402,1,0,0,1.13049999999998,0,3069.759
1002,1,0,0,2.15650000000005,0,3069.759
7689,1,0,0,1.5600000000000602,0,3069.759
1231,1,0,0,0.0325000000000273,0,3069.759
2231,1,0,0,0.59050000000002,0,3069.759
B997,1,0,0,0.000499999999988177,0,3069.759
2143,1,0,0,0.416500000000042,0,3069.759
A640,1,0,0,0.4669999999999849,0,3069.759
7653,1,0,0,0.01,0,3069.759
B782,1,0,0,0.01,0,3069.759
6396,1,0,0,0.22550000000001102,0,3069.759
7495,1,0,0,1.5630000000001,0,3069.759
X041,1,0,0,0.43100000000004,0,3069.759
5549,1,0,0,0.625499999999988,0,3069.759
X175,1,0,0,0.54200000000003,0,3069.759
2802,1,0,0,0.422000000000025,0,3069.759
2183,1,0,0,0.971500000000106,0,3069.759
7795,1,0,0,0.16600000000005402,0,3069.759
5477,1,0,0,0.23400000000003698,0,3069.759
X037,1,0,0,0.0815000000000055,0,3069.759
X007,1,0,0,1.92049999999995,0,3069.759
7319,1,0,0,1.9390000000000802,0,3069.759
2279,1,0,0,0.14250000000004098,0,3069.759
X049,1,0,0,1.39700000000005,0,3069.759
1124,1,0,0,0.12200000000007101,0,3069.759
B055,1,0,0,0.15100000000006697,0,3069.759
5683,1,0,0,0.01,0,3069.759
A404,1,0,0,1.178,0,3069.759
7652,1,0,0,0.0520000000000209,0,3069.759
A533,1,0,0,0.453500000000076,0,3069.759
4696,1,0,0,0.661000000000058,0,3069.759
5730,1,0,0,1.46850000000006,0,3069.759
1186,1,0,0,0.31200000000001193,0,3069.759
7773,1,0,0,0.01,0,3069.759
OWN-7773,1,0,0,0.01,0,3069.759
X111,1,0,0,0.507000000000062,0,3069.759
X042,1,0,0,0.01,0,3069.759
J382,1,0,0,0.01,0,3069.759
5436,1,0,0,0.0720000000000027,0,3069.759
7449,1,0,0,0.0800000000000409,0,3069.759
J515,1,0,0,0.05600000000004,0,3069.759
4361,1,0,0,0.321000000000026,0,3069.759
465,1,0,0,0.676000000000045,0,3069.759
5413,1,0,0,0.510999999999967,0,3069.759
5435,1,0,0,1.4535000000000802,0,3069.759
J294,1,0,0,1.12800000000004,0,3069.759
J542,1,0,0,1.226,0,3069.759
X098,1,0,0,1.0615000000000199,0,3069.759
J490,1,0,0,1.8155000000000399,0,3069.759
J430,1,0,0,0.0230000000000246,0,3069.759
1502,1,0,0,0.01,0,3069.759
J420,1,0,0,1.04150000000004,0,3069.759
J290,1,0,0,1.8915000000000601,0,3069.759
J286,1,0,0,1.56850000000009,0,3069.759
J292,1,0,0,0.01,0,3069.759
7790,1,0,0,0.283000000000015,0,3069.759
2550,1,0,0,0.481500000000096,0,3069.759
J283,1,0,0,0.944500000000062,0,3069.759
J823,1,0,0,0.18400000000008299,0,3069.759
4280,1,0,0,0.6525000000000319,0,3069.759
3301,1,0,0,1.4465000000000101,0,3069.759
1460,1,0,0,1.54899999999998,0,3069.759
X208,1,0,0,0.47850000000005394,0,3069.759
1421,1,0,0,0.999000000000024,0,3069.759
J623,1,0,0,1.07050000000004,0,3069.759
1410,1,0,0,0.517000000000053,0,3069.759
1490,1,0,0,1.7309999999999899,0,3069.759
OWN-1490,1,0,0,1.7309999999999899,0,3069.759
J652,1,0,0,0.0875000000000909,0,3069.759
7780,1,0,0,0.01,0,3069.759
7262,1,0,0,0.61099999999999,0,3069.759
7793,1,0,0,0.16050000000007,0,3069.759
J831,1,0,0,0.01,0,3069.759
4262,1,0,0,0.550000000000068,0,3069.759
J833,1,0,0,0.10800000000006098,0,3069.759
7301,1,0,0,0.6960000000000259,0,3069.759
J167,1,0,0,0.353000000000065,0,3069.759
J427,1,0,0,0.5465000000000371,0,3069.759
1404,1,0,0,0.0675000000001091,0,3069.759
J161,1,0,0,0.02150000000006,0,3069.759
K937,1,0,0,1.67000000000007,0,3069.759
J536,1,0,0,0.9505000000000341,0,3069.759
5591,1,0,0,1.36950000000002,0,3069.759
4227,1,0,0,0.97199999999998,0,3069.759
J050,1,0,0,1.87900000000002,0,3069.759
1672,1,0,0,0.0289999999999964,0,3069.759
1677,1,0,0,4.02100000000007,0,3069.759
J810,1,0,0,0.47950000000003,0,3069.759
J813,1,0,0,6.79550000000006,0,3069.759
7381,1,0,0,0.7045000000000531,0,3069.759
X290,1,0,0,0.704000000000065,0,3069.759
4528,1,0,0,0.0135000000000218,0,3069.759
1556,1,0,0,0.649000000000001,0,3069.759
4115,1,0,0,0.690500000000043,0,3069.759
J141,1,0,0,0.01,0,3069.759
347,1,0,0,0.7945000000000849,0,3069.759
346,1,0,0,0.26000000000010504,0,3069.759
5222,1,0,0,0.321000000000026,0,3069.759
j824,1,0,0,0.19800000000009302,0,3069.759
J692,1,0,0,0.0370000000000346,0,3069.759
8064,1,0,0,0.0,0,3069.759
OWN-8064,1,0,0,0.0,0,3069.759
GEN-8064,1,0,1,,0,3069.759
GEN-7480,2,1,0,,0,2204.937
7480,2,0,0,0.0,1,2204.937
OWN-7480,2,0,0,0.0,0,2204.937
A905,2,0,0,0.5935000000000059,0,2204.937
2284,2,0,0,0.9300000000000072,0,2204.937
3229,2,0,0,0.651000000000067,0,2204.937
A900,2,0,0,0.702499999999986,0,2204.937
7774,2,0,0,1.29050000000001,0,2204.937
7446,2,0,0,0.671000000000049,0,2204.937
A901,2,0,0,0.41700000000003,0,2204.937
3147,2,0,0,0.739000000000033,0,2204.937
A510,2,0,0,0.433500000000038,0,2204.937
A356,2,0,0,0.0,0,2204.937
A153,2,0,0,0.01,0,2204.937
2330,2,0,0,0.0810000000000173,0,2204.937
2328,2,0,0,3.35600000000005,0,2204.937
B907,2,0,0,0.01,0,2204.937
7735,2,0,0,0.44650000000001505,0,2204.937
B767,2,0,0,0.45700000000005,0,2204.937
A150,2,0,0,1.62450000000001,0,2204.937
2246,2,0,0,1.22700000000003,0,2204.937
2806,2,0,0,1.8495000000000301,0,2204.937
5720,2,0,0,0.01,0,2204.937
7678,2,0,0,0.6940000000000739,0,2204.937
A426,2,0,0,0.01,0,2204.937
2216,2,0,0,0.01,0,2204.937
810,2,0,0,0.01,0,2204.937
A157,2,0,0,0.36550000000005395,0,2204.937
6951,2,0,0,0.10650000000004,0,2204.937
8491,2,0,0,0.533999999999992,0,2204.937
2233,2,0,0,0.14100000000002,0,2204.937
3024,2,0,0,1.1235000000000401,0,2204.937
9495,2,0,0,0.437000000000012,0,2204.937
2296,2,0,0,0.0530000000000541,0,2204.937
B544,2,0,0,0.12100000000003802,0,2204.937
6945,2,0,0,0.598500000000058,0,2204.937
A235,2,0,0,1.1825,0,2204.937
2252,2,0,0,0.0,0,2204.937
OWN-2252,2,0,0,0.0,0,2204.937
2252-1,2,0,0,0.0,0,2204.937
OWN-2252-1,2,0,0,0.0,0,2204.937
A235-1,2,0,0,1.27950000000004,0,2204.937
6945-1,2,0,0,0.709000000000003,0,2204.937
2296-1,2,0,0,0.0649999999999977,0,2204.937
B544-1,2,0,0,0.700499999999977,0,2204.937
9495-1,2,0,0,0.526999999999987,0,2204.937
3024-1,2,0,0,0.608499999999992,0,2204.937
2233-1,2,0,0,0.02049999999997,0,2204.937
8491-1,2,0,0,1.495,0,2204.937
6951-1,2,0,0,0.926499999999976,0,2204.937
A157-1,2,0,0,0.00900000000001455,0,2204.937
810-1,2,0,0,0.0439999999999827,0,2204.937
2216-1,2,0,0,0.22750000000002,0,2204.937
A426-1,2,0,0,0.5380000000000109,0,2204.937
5720-1,2,0,0,0.33400000000000296,0,2204.937
7678-1,2,0,0,0.915499999999952,0,2204.937
2806-1,2,0,0,1.90299999999996,0,2204.937
2246-1,2,0,0,0.7930000000000059,0,2204.937
A150-1,2,0,0,1.4109999999999399,0,2204.937
B767-1,2,0,0,0.479000000000042,0,2204.937
7735-1,2,0,0,0.535000000000025,0,2204.937
B907-1,2,0,0,2.11099999999999,0,2204.937
2330-1,2,0,0,3.363,0,2204.937
2328-1,2,0,0,0.02800000000002,0,2204.937
A153-1,2,0,0,0.0699999999999932,0,2204.937
A356-1,2,0,0,0.0289999999999964,0,2204.937
A510-1,2,0,0,0.114000000000033,0,2204.937
3147-1,2,0,0,0.49000000000000893,0,2204.937
A901-1,2,0,0,0.59050000000002,0,2204.937
7446-1,2,0,0,0.748500000000035,0,2204.937
7774-1,2,0,0,1.22850000000005,0,2204.937
A900-1,2,0,0,0.529499999999985,0,2204.937
3229-1,2,0,0,0.36450000000002103,0,2204.937
2284-1,2,0,0,0.18849999999997602,0,2204.937
A905-1,2,0,0,0.0120000000000005,0,2204.937
3415,2,0,0,0.223500000000058,0,2204.937
A906,2,0,0,0.183999999999969,0,2204.937
3295,2,0,0,1.84499999999997,0,2204.937
3293,2,0,0,0.54649999999998,0,2204.937
F174,2,0,0,0.0795000000000528,0,2204.937
3052,2,0,0,0.0109999999999673,0,2204.937
F731,2,0,0,0.01,0,2204.937
5909,2,0,0,8.970000000000029,0,2204.937
5908,2,0,0,1.26400000000001,0,2204.937
F313,2,0,0,0.01,0,2204.937
7420,2,0,0,0.0684999999999718,0,2204.937
F160,2,0,0,0.363499999999988,0,2204.937
X122,2,0,0,1.37149999999997,0,2204.937
3240,2,0,0,0.01,0,2204.937
F240,2,0,0,0.456500000000005,0,2204.937
F279,2,0,0,1.6680000000000101,0,2204.937
3725,2,0,0,0.646000000000015,0,2204.937
7782,2,0,0,1.16649999999998,0,2204.937
F340,2,0,0,0.57650000000001,0,2204.937
3722,2,0,0,0.716999999999985,0,2204.937
X096,2,0,0,0.42250000000001403,0,2204.937
F278,2,0,0,0.359499999999969,0,2204.937
F337,2,0,0,0.6494999999999891,0,2204.937
3662,2,0,0,0.35749999999995896,0,2204.937
37,2,0,0,0.524999999999977,0,2204.937
OWN-37,2,0,0,0.524999999999977,0,2204.937
3452,2,0,0,1.10400000000004,0,2204.937
F270,2,0,0,2.15049999999997,0,2204.937
F281,2,0,0,1.18200000000002,0,2204.937
F273,2,0,0,0.7579999999999809,0,2204.937
271,2,0,0,1.8104999999999898,0,2204.937
272,2,0,0,1.04050000000001,0,2204.937
G324,2,0,0,0.512999999999977,0,2204.937
F284,2,0,0,1.36149999999998,0,2204.937
G344,2,0,0,0.0720000000000027,0,2204.937
F488,2,0,0,0.0919999999999845,0,2204.937
3931,2,0,0,0.215000000000032,0,2204.937
3754,2,0,0,2.56100000000004,0,2204.937
F497,2,0,0,1.1620000000000301,0,2204.937
274,2,0,0,0.0,0,2204.937
OWN-274,2,0,0,0.0,0,2204.937
274-1,2,0,0,0.0,0,2204.937
OWN-274-1,2,0,0,0.0,0,2204.937
3754-1,2,0,0,2.54250000000002,0,2204.937
F497-1,2,0,0,1.14350000000002,0,2204.937
F488-1,2,0,0,0.76400000000001,0,2204.937
3931-1,2,0,0,0.215000000000032,0,2204.937
G344-1,2,0,0,0.17900000000003,0,2204.937
F284-1,2,0,0,1.36250000000001,0,2204.937
272-1,2,0,0,1.0325000000000302,0,2204.937
271-1,2,0,0,1.8025000000000102,0,2204.937
G324-1,2,0,0,0.00350000000003092,0,2204.937
F273-1,2,0,0,0.47950000000003,0,2204.937
F281-1,2,0,0,1.2870000000000301,0,2204.937
F270-1,2,0,0,1.50700000000001,0,2204.937
3452-1,2,0,0,1.0959999999999999,0,2204.937
37-1,2,0,0,0.689999999999998,0,2204.937
OWN-37-1,2,0,0,0.689999999999998,0,2204.937
F337-1,2,0,0,0.648500000000013,0,2204.937
3662-1,2,0,0,0.488499999999988,0,2204.937
F278-1,2,0,0,0.374500000000012,0,2204.937
X096-1,2,0,0,0.42400000000003496,0,2204.937
3722-1,2,0,0,0.95900000000006,0,2204.937
F340-1,2,0,0,0.864000000000033,0,2204.937
7782-1,2,0,0,1.15600000000001,0,2204.937
3725-1,2,0,0,0.472500000000025,0,2204.937
F279-1,2,0,0,1.0865,0,2204.937
X122-1,2,0,0,1.27500000000003,0,2204.937
3240-1,2,0,0,0.01,0,2204.937
F240-1,2,0,0,0.54649999999998,0,2204.937
F160-1,2,0,0,0.021000000000015,0,2204.937
7420-1,2,0,0,0.0919999999999845,0,2204.937
F313-1,2,0,0,0.449500000000057,0,2204.937
5909-1,2,0,0,1.48650000000004,0,2204.937
5908-1,2,0,0,8.79100000000005,0,2204.937
F731-1,2,0,0,0.3125,0,2204.937
3052-1,2,0,0,0.0110000000000241,0,2204.937
F174-1,2,0,0,0.40700000000003894,0,2204.937
A907,2,0,0,0.0390000000000441,0,2204.937
F359,2,0,0,1.15350000000001,0,2204.937
3295-1,2,0,0,0.228999999999985,0,2204.937
3293-1,2,0,0,2.9995000000000096,0,2204.937
A906-1,2,0,0,0.17500000000001098,0,2204.937
3415-1,2,0,0,0.0760000000000218,0,2204.937
A905-2,2,0,0,0.01,0,2204.937
2284-2,2,0,0,0.12149999999996901,0,2204.937
3229-2,2,0,0,0.651000000000067,0,2204.937
A900-2,2,0,0,0.702499999999986,0,2204.937
7774-2,2,0,0,1.29050000000007,0,2204.937
7446-2,2,0,0,0.671000000000049,0,2204.937
A901-2,2,0,0,0.41700000000003,0,2204.937
3147-2,2,0,0,0.739000000000033,0,2204.937
A510-2,2,0,0,0.433499999999981,0,2204.937
A356-2,2,0,0,0.0,0,2204.937
A153-2,2,0,0,0.01,0,2204.937
2330-2,2,0,0,0.0810000000000173,0,2204.937
2328-2,2,0,0,3.35600000000005,0,2204.937
B907-2,2,0,0,0.01,0,2204.937
7735-2,2,0,0,0.44650000000001505,0,2204.937
B767-2,2,0,0,0.45700000000005,0,2204.937
A150-2,2,0,0,1.62450000000001,0,2204.937
2246-2,2,0,0,1.22700000000003,0,2204.937
2806-2,2,0,0,1.8495000000000301,0,2204.937
5720-2,2,0,0,0.01,0,2204.937
7678-2,2,0,0,0.6940000000000739,0,2204.937
A426-2,2,0,0,0.01,0,2204.937
2216-2,2,0,0,0.01,0,2204.937
810-2,2,0,0,0.01,0,2204.937
A157-2,2,0,0,0.365499999999997,0,2204.937
6951-2,2,0,0,0.10650000000004,0,2204.937
8491-2,2,0,0,0.533999999999992,0,2204.937
2233-2,2,0,0,0.14100000000002,0,2204.937
3024-2,2,0,0,1.1235000000000401,0,2204.937
9495-2,2,0,0,0.437000000000012,0,2204.937
2296-2,2,0,0,0.0530000000000541,0,2204.937
B544-2,2,0,0,0.12100000000003802,0,2204.937
6945-2,2,0,0,0.598500000000058,0,2204.937
A235-2,2,0,0,1.1825,0,2204.937
2252-2,2,0,0,0.0,0,2204.937
OWN-2252-2,2,0,0,0.0,0,2204.937
GEN-2252,2,0,1,,0,2204.937
GEN-X199,3,1,0,,0,3288.136
OWN-X199,3,0,0,0.0,1,3288.136
X199,3,0,0,0.0,0,3288.136
1245,3,0,0,0.01,0,3288.136
8608,3,0,0,0.0289999999999964,0,3288.136
3304,3,0,0,0.0420000000000016,0,3288.136
7440,3,0,0,0.01,0,3288.136
A216,3,0,0,0.01,0,3288.136
A027,3,0,0,0.10549999999997801,0,3288.136
2493,3,0,0,0.197500000000005,0,3288.136
A059,3,0,0,0.6564999999999941,0,3288.136
2967,3,0,0,0.738,0,3288.136
B786,3,0,0,1.0,0,3288.136
7904,3,0,0,0.29399999999998305,0,3288.136
9568,3,0,0,0.24699999999998604,0,3288.136
X281,3,0,0,0.430000000000007,0,3288.136
2265,3,0,0,0.61999999999999,0,3288.136
B617,3,0,0,0.668499999999995,0,3288.136
B800,3,0,0,0.530000000000001,0,3288.136
2209,3,0,0,0.01,0,3288.136
6795,3,0,0,2.19149999999999,0,3288.136
B677,3,0,0,1.8989999999999898,0,3288.136
852,3,0,0,1.08299999999998,0,3288.136
X152,3,0,0,0.9119999999999922,0,3288.136
2259,3,0,0,2.56299999999999,0,3288.136
B406,3,0,0,2.3899999999999904,0,3288.136
A271,3,0,0,1.11149999999999,0,3288.136
2220,3,0,0,0.44599999999998396,0,3288.136
A291,3,0,0,2.024,0,3288.136
2644,3,0,0,2.0634999999999897,0,3288.136
A712,3,0,0,3.6674999999999907,0,3288.136
759,3,0,0,0.143999999999991,0,3288.136
7676,3,0,0,0.628,0,3288.136
986,3,0,0,0.989499999999992,0,3288.136
A563,3,0,0,0.277000000000001,0,3288.136
A606,3,0,0,0.801999999999992,0,3288.136
B998,3,0,0,0.5934999999999921,0,3288.136
811,3,0,0,0.0,0,3288.136
OWN-811,3,0,0,0.0,0,3288.136
811-1,3,0,0,0.0,0,3288.136
OWN-811-1,3,0,0,0.0,0,3288.136
9518,3,0,0,1.50100000000003,0,3288.136
B998-1,3,0,0,0.45800000000002705,0,3288.136
5586,3,0,0,0.134500000000003,0,3288.136
1397,3,0,0,0.0215000000000032,0,3288.136
5656,3,0,0,0.0,0,3288.136
A234,3,0,0,1.93349999999998,0,3288.136
A262,3,0,0,1.3489999999999898,0,3288.136
827,3,0,0,0.362500000000011,0,3288.136
767,3,0,0,0.39850000000001295,0,3288.136
A117,3,0,0,1.03300000000002,0,3288.136
5567,3,0,0,0.911000000000001,0,3288.136
817,3,0,0,0.984500000000025,0,3288.136
2404,3,0,0,0.0325000000000273,0,3288.136
966,3,0,0,1.4325,0,3288.136
920,3,0,0,0.9785000000000541,0,3288.136
7202,3,0,0,0.34649999999999204,0,3288.136
3510,3,0,0,1.0495000000000199,0,3288.136
OWN-3510,3,0,0,1.0495000000000199,0,3288.136
A399,3,0,0,0.730500000000063,0,3288.136
8491,3,0,0,0.41899999999998294,0,3288.136
A157,3,0,0,0.0190000000000055,0,3288.136
6951,3,0,0,1.12600000000003,0,3288.136
810,3,0,0,0.01,0,3288.136
2216,3,0,0,0.01,0,3288.136
A426,3,0,0,0.266500000000008,0,3288.136
5720,3,0,0,0.0625000000000568,0,3288.136
7678,3,0,0,0.9155000000000091,0,3288.136
2806,3,0,0,1.90300000000002,0,3288.136
2246,3,0,0,0.7930000000000059,0,3288.136
A150,3,0,0,1.411,0,3288.136
B767,3,0,0,0.479000000000042,0,3288.136
7735,3,0,0,0.535000000000025,0,3288.136
B907,3,0,0,2.11099999999999,0,3288.136
2330,3,0,0,3.363,0,3288.136
2328,3,0,0,0.02800000000002,0,3288.136
A153,3,0,0,0.0699999999999932,0,3288.136
A356,3,0,0,0.0289999999999964,0,3288.136
A510,3,0,0,0.776499999999999,0,3288.136
3716,3,0,0,0.7429999999999949,0,3288.136
A501,3,0,0,0.274000000000001,0,3288.136
X031,3,0,0,0.0160000000000196,0,3288.136
A218,3,0,0,0.0,0,3288.136
OWN-A218,3,0,0,0.0,0,3288.136
A218-1,3,0,0,0.0,0,3288.136
OWN-A218-1,3,0,0,0.0,0,3288.136
7707,3,0,0,0.01,0,3288.136
F359,3,0,0,0.157999999999987,0,3288.136
A907,3,0,0,0.34950000000000603,0,3288.136
G709,3,0,0,1.036,0,3288.136
3231,3,0,0,0.01,0,3288.136
F053,3,0,0,0.01,0,3288.136
F210,3,0,0,0.01,0,3288.136
G373,3,0,0,0.01,0,3288.136
G793,3,0,0,0.01,0,3288.136
OWN-G793,3,0,0,0.01,0,3288.136
3673,3,0,0,0.01,0,3288.136
F111,3,0,0,0.01,0,3288.136
7409,3,0,0,0.01,0,3288.136
7326,3,0,0,0.01,0,3288.136
G353,3,0,0,0.5625,0,3288.136
3940,3,0,0,1.16449999999998,0,3288.136
127,3,0,0,0.36350000000001603,0,3288.136
141,3,0,0,0.0,0,3288.136
OWN-141,3,0,0,0.0,0,3288.136
141-1,3,0,0,0.0,0,3288.136
F081,3,0,0,0.277499999999975,0,3288.136
5362,3,0,0,0.768000000000001,0,3288.136
7310,3,0,0,0.43699999999998296,0,3288.136
3275,3,0,0,0.287999999999982,0,3288.136
98,3,0,0,0.99799999999999,0,3288.136
65,3,0,0,0.772999999999996,0,3288.136
7731,3,0,0,0.07800000000000298,0,3288.136
F249,3,0,0,1.0395,0,3288.136
7656,3,0,0,0.5879999999999941,0,3288.136
3857,3,0,0,0.198000000000008,0,3288.136
4421,3,0,0,0.474999999999994,0,3288.136
3600,3,0,0,1.30799999999999,0,3288.136
6844,3,0,0,3.3595,0,3288.136
F165,3,0,0,0.705500000000001,0,3288.136
5478,3,0,0,0.0664999999999907,0,3288.136
2452,3,0,0,0.24350000000001198,0,3288.136
F242,3,0,0,0.0,0,3288.136
OWN-F242,3,0,0,0.0,0,3288.136
7468,3,0,0,0.14499999999998198,0,3288.136
X153,3,0,0,0.01,0,3288.136
415,3,0,0,0.0115000000000691,0,3288.136
15,3,0,0,0.7685000000000172,0,3288.136
X263,3,0,0,0.30750000000011796,0,3288.136
F418,3,0,0,0.366499999999974,0,3288.136
2291,3,0,0,1.13686837721616e-13,0,3288.136
A723,3,0,0,0.0,0,3288.136
X089,3,0,0,0.33700000000010305,0,3288.136
A678,3,0,0,0.0595000000000709,0,3288.136
1273,3,0,0,0.0715000000001282,0,3288.136
8610,3,0,0,0.0694999999999482,0,3288.136
B089,3,0,0,0.11399999999991901,0,3288.136
B542,3,0,0,0.0080000000000382,0,3288.136
1802,3,0,0,0.23300000000006102,0,3288.136
B541,3,0,0,0.36000000000001403,0,3288.136
8363,3,0,0,0.46300000000007896,0,3288.136
K718,3,0,0,0.44050000000004297,0,3288.136
J395,3,0,0,0.0470000000000255,0,3288.136
1401,3,0,0,0.0850000000000364,0,3288.136
7787,3,0,0,0.238500000000045,0,3288.136
K938,3,0,0,0.0,0,3288.136
X284,3,0,0,2.50099999999998,0,3288.136
J367,3,0,0,0.39150000000006496,0,3288.136
5597,3,0,0,0.42900000000008703,0,3288.136
J538,3,0,0,0.680500000000052,0,3288.136
8108,3,0,0,0.503500000000031,0,3288.136
4888,3,0,0,1.2885000000001101,0,3288.136
383,3,0,0,1.4515000000000102,0,3288.136
685,3,0,0,0.6940000000000739,0,3288.136
J470,3,0,0,0.947000000000003,0,3288.136
J437,3,0,0,0.01,0,3288.136
7826,3,0,0,1.0025000000000501,0,3288.136
OWN-X214,3,0,0,1.2625000000000501,0,3288.136
X214,3,0,0,1.2625000000000501,0,3288.136
1591,3,0,0,0.144000000000005,0,3288.136
4212,3,0,0,1.5760000000001397,0,3288.136
J430,3,0,0,1.23500000000013,0,3288.136
1502,3,0,0,0.86099999999999,0,3288.136
J490,3,0,0,1.6930000000001002,0,3288.136
J420,3,0,0,0.01,0,3288.136
8094,3,0,0,1.83750000000009,0,3288.136
4294,3,0,0,0.504000000000019,0,3288.136
J290,3,0,0,0.7890000000001008,0,3288.136
J495,3,0,0,1.91750000000002,0,3288.136
4208,3,0,0,0.0,0,3288.136
OWN-4208,3,0,0,0.0,0,3288.136
GEN-4208,3,0,1,,0,3288.136
GEN-F050,4,1,0,,0,2476.051
F050,4,0,0,0.0,1,2476.051
OWN-F050,4,0,0,0.0,0,2476.051
1221,4,0,0,1.5514999999999801,0,2476.051
A511,4,0,0,0.01,0,2476.051
B933,4,0,0,0.0205000000000268,0,2476.051
983,4,0,0,0.0165000000000077,0,2476.051
1837,4,0,0,0.0205000000000268,0,2476.051
A550,4,0,0,0.01,0,2476.051
1303,4,0,0,0.0645000000000095,0,2476.051
1300,4,0,0,0.595499999999959,0,2476.051
2330,4,0,0,0.0810000000000173,0,2476.051
2328,4,0,0,3.3559999999999905,0,2476.051
B907,4,0,0,0.01,0,2476.051
7735,4,0,0,0.446499999999958,0,2476.051
B767,4,0,0,0.45699999999999397,0,2476.051
A150,4,0,0,1.6244999999999499,0,2476.051
2246,4,0,0,1.22700000000003,0,2476.051
2806,4,0,0,1.8495000000000301,0,2476.051
5720,4,0,0,0.0550000000000068,0,2476.051
7678,4,0,0,2.005,0,2476.051
A426,4,0,0,0.11450000000002099,0,2476.051
2216,4,0,0,0.13099999999997197,0,2476.051
810,4,0,0,0.0860000000000127,0,2476.051
A157,4,0,0,1.0745,0,2476.051
6951,4,0,0,0.815500000000043,0,2476.051
8491,4,0,0,0.262,0,2476.051
2233,4,0,0,2.18950000000001,0,2476.051
A399,4,0,0,0.601999999999975,0,2476.051
920,4,0,0,1.315,0,2476.051
7202,4,0,0,0.01,0,2476.051
3510,4,0,0,0.0,0,2476.051
OWN-3510,4,0,0,0.0,0,2476.051
3510-1,4,0,0,0.0,0,2476.051
OWN-3510-1,4,0,0,0.0,0,2476.051
7202-1,4,0,0,0.53249999999997,0,2476.051
920-1,4,0,0,1.6535000000000102,0,2476.051
A580,4,0,0,0.44299999999998396,0,2476.051
5582,4,0,0,0.271000000000015,0,2476.051
7754,4,0,0,0.23500000000001398,0,2476.051
A316,4,0,0,0.626000000000033,0,2476.051
A712,4,0,0,1.5939999999999899,0,2476.051
2644,4,0,0,0.0790000000000077,0,2476.051
939,4,0,0,0.01,0,2476.051
A291,4,0,0,0.383000000000038,0,2476.051
976,4,0,0,0.533999999999992,0,2476.051
830,4,0,0,0.511500000000012,0,2476.051
A296,4,0,0,0.228999999999985,0,2476.051
A084,4,0,0,0.01,0,2476.051
9547,4,0,0,0.24150000000003,0,2476.051
2267,4,0,0,0.01,0,2476.051
944,4,0,0,0.7010000000000219,0,2476.051
A425,4,0,0,0.5935000000000059,0,2476.051
A074,4,0,0,0.786000000000058,0,2476.051
2204,4,0,0,0.38499999999999107,0,2476.051
A427,4,0,0,0.336500000000001,0,2476.051
935,4,0,0,0.459500000000048,0,2476.051
A432,4,0,0,1.3195000000000099,0,2476.051
A429,4,0,0,0.8550000000000179,0,2476.051
2226,4,0,0,0.571000000000026,0,2476.051
2221,4,0,0,0.46350000000000996,0,2476.051
B715,4,0,0,0.12999999999999498,0,2476.051
7808,4,0,0,1.65300000000002,0,2476.051
A649,4,0,0,4.37799999999999,0,2476.051
A402,4,0,0,1.13050000000004,0,2476.051
1002,4,0,0,2.15650000000005,0,2476.051
7689,4,0,0,1.56,0,2476.051
1231,4,0,0,0.0325000000000273,0,2476.051
2231,4,0,0,0.59050000000002,0,2476.051
B997,4,0,0,0.000499999999988177,0,2476.051
2143,4,0,0,0.41649999999998494,0,2476.051
A640,4,0,0,0.4669999999999849,0,2476.051
7653,4,0,0,0.01,0,2476.051
B782,4,0,0,0.01,0,2476.051
6396,4,0,0,0.22550000000001102,0,2476.051
7495,4,0,0,1.5630000000000501,0,2476.051
X041,4,0,0,0.43099999999998295,0,2476.051
5549,4,0,0,0.625499999999988,0,2476.051
X175,4,0,0,0.54200000000003,0,2476.051
2802,4,0,0,0.422000000000025,0,2476.051
2183,4,0,0,0.9714999999999921,0,2476.051
7795,4,0,0,0.16600000000005402,0,2476.051
5477,4,0,0,0.23400000000003698,0,2476.051
X037,4,0,0,0.0815000000000055,0,2476.051
X007,4,0,0,1.9205,0,2476.051
7319,4,0,0,1.93899999999996,0,2476.051
2279,4,0,0,0.14250000000004098,0,2476.051
X049,4,0,0,1.3969999999999898,0,2476.051
1124,4,0,0,0.12200000000001401,0,2476.051
B055,4,0,0,0.15100000000001002,0,2476.051
5683,4,0,0,0.01,0,2476.051
A404,4,0,0,1.178,0,2476.051
7652,4,0,0,0.0520000000000209,0,2476.051
A533,4,0,0,0.453499999999963,0,2476.051
4696,4,0,0,0.6610000000000009,0,2476.051
5730,4,0,0,1.46850000000006,0,2476.051
1186,4,0,0,0.31200000000001193,0,2476.051
7773,4,0,0,0.01,0,2476.051
OWN-7773,4,0,0,0.01,0,2476.051
X111,4,0,0,0.507000000000062,0,2476.051
X042,4,0,0,0.01,0,2476.051
J382,4,0,0,0.01,0,2476.051
5436,4,0,0,0.0720000000000027,0,2476.051
7449,4,0,0,0.0800000000000409,0,2476.051
J515,4,0,0,0.0559999999999832,0,2476.051
4361,4,0,0,0.321000000000026,0,2476.051
465,4,0,0,0.676000000000045,0,2476.051
5413,4,0,0,0.511000000000024,0,2476.051
5435,4,0,0,1.45350000000002,0,2476.051
J294,4,0,0,1.12800000000004,0,2476.051
J542,4,0,0,1.2260000000000602,0,2476.051
X098,4,0,0,1.0615000000000199,0,2476.051
J490,4,0,0,1.8155000000000399,0,2476.051
J430,4,0,0,0.0230000000000246,0,2476.051
1502,4,0,0,0.01,0,2476.051
J420,4,0,0,1.04149999999998,0,2476.051
J290,4,0,0,1.8915000000000102,0,2476.051
J286,4,0,0,1.5684999999999698,0,2476.051
J292,4,0,0,0.01,0,2476.051
7790,4,0,0,0.283000000000015,0,2476.051
2550,4,0,0,0.48150000000004,0,2476.051
J283,4,0,0,0.9445000000000051,0,2476.051
J823,4,0,0,0.184000000000026,0,2476.051
4280,4,0,0,0.6525000000000319,0,2476.051
X208,4,0,0,1.25400000000002,0,2476.051
3301,4,0,0,1.4465000000000101,0,2476.051
1460,4,0,0,1.54900000000004,0,2476.051
1421,4,0,0,0.7574999999999928,0,2476.051
J623,4,0,0,0.6005000000000109,0,2476.051
J652,4,0,0,0.519499999999994,0,2476.051
1410,4,0,0,0.516999999999996,0,2476.051
7780,4,0,0,0.01,0,2476.051
1490,4,0,0,1.1144999999999599,0,2476.051
OWN-1490,4,0,0,1.1144999999999599,0,2476.051
7262,4,0,0,0.38400000000001505,0,2476.051
7793,4,0,0,0.6365000000000121,0,2476.051
J831,4,0,0,0.14099999999996302,0,2476.051
4262,4,0,0,0.462500000000034,0,2476.051
J833,4,0,0,0.01,0,2476.051
1442,4,0,0,0.01,0,2476.051
1462,4,0,0,1.15600000000001,0,2476.051
J427,4,0,0,0.01,0,2476.051
J127,4,0,0,1.15649999999999,0,2476.051
7299,4,0,0,0.0,0,2476.051
OWN-7299,4,0,0,0.0,0,2476.051
7299-1,4,0,0,0.0,0,2476.051
OWN-7299-1,4,0,0,0.0,0,2476.051
J635,4,0,0,0.7240000000000459,0,2476.051
J427-1,4,0,0,0.01,0,2476.051
J127-1,4,0,0,0.8180000000000401,0,2476.051
1462-1,4,0,0,1.33350000000002,0,2476.051
1442-1,4,0,0,0.01,0,2476.051
4262-1,4,0,0,0.01,0,2476.051
J833-1,4,0,0,0.01,0,2476.051
J831-1,4,0,0,0.01,0,2476.051
7793-1,4,0,0,0.600500000000068,0,2476.051
7780-1,4,0,0,3.81750000000005,0,2476.051
7262-1,4,0,0,0.163000000000011,0,2476.051
1490-1,4,0,0,0.896000000000015,0,2476.051
OWN-1490-1,4,0,0,0.896000000000015,0,2476.051
J652-1,4,0,0,0.23350000000004897,0,2476.051
1410-1,4,0,0,0.672000000000025,0,2476.051
J623-1,4,0,0,0.602000000000032,0,2476.051
1421-1,4,0,0,0.325499999999977,0,2476.051
1460-1,4,0,0,0.8240000000000691,0,2476.051
X208-1,4,0,0,1.79350000000005,0,2476.051
3301-1,4,0,0,1.14699999999999,0,2476.051
J283-1,4,0,0,1.56050000000005,0,2476.051
4280-1,4,0,0,1.1079999999999999,0,2476.051
J823-1,4,0,0,0.561000000000035,0,2476.051
2550-1,4,0,0,1.36250000000001,0,2476.051
1415,4,0,0,1.9845000000000301,0,2476.051
7790-1,4,0,0,0.01,0,2476.051
J292-1,4,0,0,2.18900000000002,0,2476.051
J286-1,4,0,0,1.51750000000004,0,2476.051
J290-1,4,0,0,1.6035,0,2476.051
J420-1,4,0,0,1.2260000000000602,0,2476.051
J490-1,4,0,0,2.26650000000006,0,2476.051
1502-1,4,0,0,0.317499999999995,0,2476.051
J430-1,4,0,0,0.0360000000000582,0,2476.051
J542-1,4,0,0,1.35450000000003,0,2476.051
X098-1,4,0,0,0.907500000000027,0,2476.051
J294-1,4,0,0,0.0110000000000241,0,2476.051
5435-1,4,0,0,1.30150000000003,0,2476.051
5413-1,4,0,0,0.58200000000005,0,2476.051
465-1,4,0,0,0.658000000000015,0,2476.051
4361-1,4,0,0,0.0415000000000418,0,2476.051
J515-1,4,0,0,0.0370000000000346,0,2476.051
7449-1,4,0,0,0.38250000000004997,0,2476.051
5436-1,4,0,0,0.0820000000000505,0,2476.051
J382-1,4,0,0,0.01,0,2476.051
X042-1,4,0,0,0.01,0,2476.051
X111-1,4,0,0,0.532000000000039,0,2476.051
7773-1,4,0,0,0.01,0,2476.051
OWN-7773-1,4,0,0,0.01,0,2476.051
1186-1,4,0,0,0.0925000000000296,0,2476.051
4696-1,4,0,0,0.66500000000002,0,2476.051
5730-1,4,0,0,1.37850000000003,0,2476.051
A533-1,4,0,0,0.0445000000000277,0,2476.051
7652-1,4,0,0,0.24150000000003,0,2476.051
A404-1,4,0,0,1.12700000000001,0,2476.051
5683-1,4,0,0,0.01,0,2476.051
B055-1,4,0,0,0.42300000000005894,0,2476.051
X049-1,4,0,0,0.0155000000000314,0,2476.051
1124-1,4,0,0,1.3150000000000501,0,2476.051
2279-1,4,0,0,0.6915000000000191,0,2476.051
X007-1,4,0,0,1.8330000000000302,0,2476.051
7319-1,4,0,0,0.01400000000001,0,2476.051
X037-1,4,0,0,1.7765,0,2476.051
5477-1,4,0,0,0.20700000000005,0,2476.051
7795-1,4,0,0,0.45650000000006197,0,2476.051
2183-1,4,0,0,1.0670000000000601,0,2476.051
2802-1,4,0,0,0.607500000000016,0,2476.051
X175-1,4,0,0,0.801000000000045,0,2476.051
5549-1,4,0,0,0.43100000000004,0,2476.051
X041-1,4,0,0,0.22100000000006,0,2476.051
7495-1,4,0,0,1.7980000000000602,0,2476.051
6396-1,4,0,0,0.01,0,2476.051
B782-1,4,0,0,0.01,0,2476.051
7653-1,4,0,0,0.01,0,2476.051
7367,4,0,0,0.0295000000000414,0,2476.051
A640-1,4,0,0,0.215000000000032,0,2476.051
2143-1,4,0,0,0.0230000000000246,0,2476.051
B997-1,4,0,0,0.924000000000035,0,2476.051
2231-1,4,0,0,0.445499999999981,0,2476.051
1231-1,4,0,0,1.1595000000000402,0,2476.051
7689-1,4,0,0,1.5990000000000502,0,2476.051
1002-1,4,0,0,1.96550000000002,0,2476.051
A402-1,4,0,0,0.858000000000004,0,2476.051
A649-1,4,0,0,1.3750000000000602,0,2476.051
7808-1,4,0,0,2.15350000000007,0,2476.051
B715-1,4,0,0,0.603000000000009,0,2476.051
2221-1,4,0,0,0.984000000000037,0,2476.051
2226-1,4,0,0,0.907000000000039,0,2476.051
A429-1,4,0,0,0.873500000000035,0,2476.051
A432-1,4,0,0,0.0,0,2476.051
957,4,0,0,0.0335000000000036,0,2476.051
A436,4,0,0,0.274000000000001,0,2476.051
7661,4,0,0,1.12300000000005,0,2476.051
A441,4,0,0,0.47650000000004405,0,2476.051
OWN-A441,4,0,0,0.47650000000004405,0,2476.051
1026,4,0,0,0.317000000000007,0,2476.051
7240,4,0,0,0.29550000000006105,0,2476.051
2249,4,0,0,1.1875,0,2476.051
A454,4,0,0,0.0110000000000241,0,2476.051
1025,4,0,0,0.01,0,2476.051
A442,4,0,0,2.41649999999998,0,2476.051
9544,4,0,0,0.0895000000000437,0,2476.051
A465,4,0,0,0.269000000000005,0,2476.051
A470,4,0,0,0.114000000000033,0,2476.051
A471,4,0,0,0.677999999999997,0,2476.051
9542,4,0,0,0.988999999999976,0,2476.051
926,4,0,0,0.0,0,2476.051
OWN-926,4,0,0,0.0,0,2476.051
GEN-926,4,0,1,,0,2476.051
GEN-37,5,1,0,,0,2491.4539999999997
37,5,0,0,0.0,1,2491.4539999999997
OWN-37,5,0,0,0.0,0,2491.4539999999997
H903,5,0,0,1.93949999999995,0,2491.4539999999997
F337,5,0,0,0.34400000000005104,0,2491.4539999999997
3662,5,0,0,0.16999999999995902,0,2491.4539999999997
F278,5,0,0,0.374500000000012,0,2491.4539999999997
X096,5,0,0,0.42399999999997795,0,2491.4539999999997
3722,5,0,0,0.9589999999999459,0,2491.4539999999997
F340,5,0,0,0.864000000000033,0,2491.4539999999997
7782,5,0,0,1.05850000000009,0,2491.4539999999997
3725,5,0,0,0.47249999999996795,0,2491.4539999999997
F279,5,0,0,1.2825000000000302,0,2491.4539999999997
3240,5,0,0,0.01,0,2491.4539999999997
X122,5,0,0,1.4709999999999999,0,2491.4539999999997
F240,5,0,0,0.5465000000000371,0,2491.4539999999997
F160,5,0,0,0.0209999999999582,0,2491.4539999999997
7420,5,0,0,0.0919999999999845,0,2491.4539999999997
F313,5,0,0,0.449500000000057,0,2491.4539999999997
5909,5,0,0,1.48649999999998,0,2491.4539999999997
5908,5,0,0,8.79099999999994,0,2491.4539999999997
F731,5,0,0,0.5185000000000171,0,2491.4539999999997
F363,5,0,0,0.0185000000000173,0,2491.4539999999997
3189,5,0,0,0.296500000000037,0,2491.4539999999997
X123,5,0,0,0.7925000000000179,0,2491.4539999999997
G004,5,0,0,0.01,0,2491.4539999999997
332,5,0,0,0.01,0,2491.4539999999997
848,5,0,0,0.18649999999991,0,2491.4539999999997
8516,5,0,0,0.18649999999991,0,2491.4539999999997
1236,5,0,0,0.0575000000000045,0,2491.4539999999997
A512,5,0,0,0.0330000000000155,0,2491.4539999999997
2565,5,0,0,0.0715000000000146,0,2491.4539999999997
7693,5,0,0,0.0715000000000146,0,2491.4539999999997
A730,5,0,0,0.04200000000003,0,2491.4539999999997
1368,5,0,0,0.01,0,2491.4539999999997
B573,5,0,0,0.26550000000008805,0,2491.4539999999997
A176,5,0,0,0.205000000000041,0,2491.4539999999997
1159,5,0,0,0.0884999999999536,0,2491.4539999999997
7076,5,0,0,0.275499999999965,0,2491.4539999999997
X270,5,0,0,0.01,0,2491.4539999999997
9552,5,0,0,0.01,0,2491.4539999999997
1289,5,0,0,0.8919999999999391,0,2491.4539999999997
B938,5,0,0,0.0475000000000136,0,2491.4539999999997
X137,5,0,0,0.0690000000000737,0,2491.4539999999997
8590,5,0,0,0.004500000000007279,0,2491.4539999999997
OWN-8590,5,0,0,0.004500000000007279,0,2491.4539999999997
7453,5,0,0,0.01,0,2491.4539999999997
B777,5,0,0,0.123500000000035,0,2491.4539999999997
7396,5,0,0,0.0299999999999727,0,2491.4539999999997
B812,5,0,0,0.0,0,2491.4539999999997
A301,5,0,0,0.3809999999999721,0,2491.4539999999997
A307,5,0,0,0.0659999999999172,0,2491.4539999999997
X287,5,0,0,0.0805000000000291,0,2491.4539999999997
A678,5,0,0,0.0594999999999573,0,2491.4539999999997
1273,5,0,0,0.0714999999999009,0,2491.4539999999997
8610,5,0,0,0.0694999999999482,0,2491.4539999999997
B089,5,0,0,0.114000000000033,0,2491.4539999999997
B542,5,0,0,0.0080000000000382,0,2491.4539999999997
1802,5,0,0,0.232999999999947,0,2491.4539999999997
B541,5,0,0,0.36000000000001403,0,2491.4539999999997
8363,5,0,0,0.46299999999996505,0,2491.4539999999997
K718,5,0,0,0.44049999999992895,0,2491.4539999999997
J395,5,0,0,0.0470000000000255,0,2491.4539999999997
1401,5,0,0,0.0849999999999227,0,2491.4539999999997
7787,5,0,0,0.23849999999993104,0,2491.4539999999997
K938,5,0,0,0.0,0,2491.4539999999997
X284,5,0,0,2.50099999999998,0,2491.4539999999997
J367,5,0,0,0.391499999999951,0,2491.4539999999997
5597,5,0,0,0.42900000000008703,0,2491.4539999999997
4263,5,0,0,0.0684999999999718,0,2491.4539999999997
J415,5,0,0,0.01,0,2491.4539999999997
4257,5,0,0,0.6974999999999909,0,2491.4539999999997
1451,5,0,0,0.634000000000015,0,2491.4539999999997
J210,5,0,0,0.38250000000004997,0,2491.4539999999997
1474,5,0,0,0.238500000000045,0,2491.4539999999997
1671,5,0,0,1.7490000000000199,0,2491.4539999999997
7780,5,0,0,3.45500000000004,0,2491.4539999999997
J222,5,0,0,7.428499999999991,0,2491.4539999999997
J558,5,0,0,1.22850000000005,0,2491.4539999999997
J652,5,0,0,1.33350000000007,0,2491.4539999999997
1410,5,0,0,0.47399999999993303,0,2491.4539999999997
1421,5,0,0,0.7615000000000691,0,2491.4539999999997
7262,5,0,0,0.47950000000003,0,2491.4539999999997
J623,5,0,0,0.4080000000000151,0,2491.4539999999997
1490,5,0,0,0.0,0,2491.4539999999997
OWN-1490,5,0,0,0.0,0,2491.4539999999997
1490-1,5,0,0,0.0,0,2491.4539999999997
OWN-1490-1,5,0,0,0.0,0,2491.4539999999997
7262-1,5,0,0,0.46399999999999897,0,2491.4539999999997
J623-1,5,0,0,0.30650000000002803,0,2491.4539999999997
1421-1,5,0,0,0.01,0,2491.4539999999997
1410-1,5,0,0,1.01650000000001,0,2491.4539999999997
J652-1,5,0,0,1.50650000000002,0,2491.4539999999997
1460,5,0,0,0.8240000000000121,0,2491.4539999999997
J222-1,5,0,0,5.43050000000005,0,2491.4539999999997
X208,5,0,0,1.83250000000004,0,2491.4539999999997
3301,5,0,0,1.14700000000005,0,2491.4539999999997
J283,5,0,0,1.56050000000005,0,2491.4539999999997
4280,5,0,0,1.10800000000006,0,2491.4539999999997
J823,5,0,0,0.561000000000035,0,2491.4539999999997
2550,5,0,0,1.36250000000001,0,2491.4539999999997
1415,5,0,0,1.9845000000000301,0,2491.4539999999997
7790,5,0,0,0.01,0,2491.4539999999997
J292,5,0,0,2.18900000000002,0,2491.4539999999997
J286,5,0,0,1.51750000000004,0,2491.4539999999997
J290,5,0,0,1.6035,0,2491.4539999999997
J420,5,0,0,1.226,0,2491.4539999999997
J490,5,0,0,2.26650000000001,0,2491.4539999999997
1502,5,0,0,0.317500000000052,0,2491.4539999999997
J430,5,0,0,0.0360000000000014,0,2491.4539999999997
J542,5,0,0,1.3544999999999698,0,2491.4539999999997
X098,5,0,0,0.907500000000027,0,2491.4539999999997
J294,5,0,0,0.0110000000000241,0,2491.4539999999997
5435,5,0,0,1.30150000000003,0,2491.4539999999997
5413,5,0,0,0.58200000000005,0,2491.4539999999997
465,5,0,0,0.658000000000015,0,2491.4539999999997
4361,5,0,0,0.0415000000000418,0,2491.4539999999997
J515,5,0,0,0.0370000000000346,0,2491.4539999999997
7449,5,0,0,0.382499999999993,0,2491.4539999999997
5436,5,0,0,0.0819999999999936,0,2491.4539999999997
J382,5,0,0,0.01,0,2491.4539999999997
X042,5,0,0,0.01,0,2491.4539999999997
X111,5,0,0,0.532000000000039,0,2491.4539999999997
7773,5,0,0,0.01,0,2491.4539999999997
OWN-7773,5,0,0,0.01,0,2491.4539999999997
1186,5,0,0,0.0925000000000864,0,2491.4539999999997
4696,5,0,0,0.66500000000002,0,2491.4539999999997
5730,5,0,0,1.37850000000003,0,2491.4539999999997
A533,5,0,0,0.0445000000000277,0,2491.4539999999997
7652,5,0,0,0.24150000000003,0,2491.4539999999997
A404,5,0,0,1.12700000000007,0,2491.4539999999997
5683,5,0,0,0.01,0,2491.4539999999997
B055,5,0,0,0.423000000000002,0,2491.4539999999997
X049,5,0,0,0.0155000000000314,0,2491.4539999999997
1124,5,0,0,1.3150000000000501,0,2491.4539999999997
2279,5,0,0,0.6915000000000191,0,2491.4539999999997
X007,5,0,0,1.8330000000000302,0,2491.4539999999997
7319,5,0,0,0.01400000000001,0,2491.4539999999997
X037,5,0,0,1.7765000000000601,0,2491.4539999999997
5477,5,0,0,0.206999999999994,0,2491.4539999999997
7795,5,0,0,0.456500000000005,0,2491.4539999999997
2183,5,0,0,1.06700000000001,0,2491.4539999999997
2802,5,0,0,0.607500000000073,0,2491.4539999999997
X175,5,0,0,0.801000000000045,0,2491.4539999999997
5549,5,0,0,0.43100000000004,0,2491.4539999999997
X041,5,0,0,0.221000000000004,0,2491.4539999999997
7495,5,0,0,1.798,0,2491.4539999999997
6396,5,0,0,0.01,0,2491.4539999999997
B782,5,0,0,0.01,0,2491.4539999999997
7653,5,0,0,0.01,0,2491.4539999999997
7367,5,0,0,0.0294999999999845,0,2491.4539999999997
A640,5,0,0,0.215000000000032,0,2491.4539999999997
2143,5,0,0,0.0230000000000246,0,2491.4539999999997
B997,5,0,0,0.924000000000035,0,2491.4539999999997
2231,5,0,0,0.445500000000038,0,2491.4539999999997
1231,5,0,0,1.1595000000000402,0,2491.4539999999997
7689,5,0,0,1.5990000000000502,0,2491.4539999999997
1002,5,0,0,1.96550000000002,0,2491.4539999999997
A402,5,0,0,0.8580000000000609,0,2491.4539999999997
A649,5,0,0,1.3750000000000602,0,2491.4539999999997
7808,5,0,0,1.66250000000002,0,2491.4539999999997
B715,5,0,0,0.11200000000008,0,2491.4539999999997
2221,5,0,0,0.19350000000002898,0,2491.4539999999997
2226,5,0,0,0.12200000000001401,0,2491.4539999999997
A429,5,0,0,0.111500000000035,0,2491.4539999999997
A432,5,0,0,0.8170000000000072,0,2491.4539999999997
935,5,0,0,0.0945000000000391,0,2491.4539999999997
A427,5,0,0,0.7545000000000641,0,2491.4539999999997
2204,5,0,0,0.275500000000022,0,2491.4539999999997
A074,5,0,0,0.00200000000000955,0,2491.4539999999997
A425,5,0,0,0.50550000000004,0,2491.4539999999997
2267,5,0,0,0.795999999999992,0,2491.4539999999997
7333,5,0,0,0.502500000000055,0,2491.4539999999997
2241,5,0,0,0.9089999999999921,0,2491.4539999999997
A403,5,0,0,0.0,0,2491.4539999999997
OWN-A403,5,0,0,0.0,0,2491.4539999999997
GEN-A403,5,0,1,,0,2491.4539999999997
GEN-K936,6,1,0,,0,3156.566
K936,6,0,0,0.0,1,3156.566
OWN-K936,6,0,0,0.0,0,3156.566
4995,6,0,0,1.08399999999995,0,3156.566
J834,6,0,0,0.34249999999997305,0,3156.566
1432,6,0,0,0.9820000000000849,0,3156.566
K930,6,0,0,0.15800000000001502,0,3156.566
1463,6,0,0,0.0144999999999982,0,3156.566
1666,6,0,0,1.9049999999999698,0,3156.566
7733,6,0,0,0.0294999999999845,0,3156.566
X207,6,0,0,2.24299999999994,0,3156.566
4878,6,0,0,0.33799999999996505,0,3156.566
4148,6,0,0,1.64149999999995,0,3156.566
1548,6,0,0,0.8394999999999301,0,3156.566
7708,6,0,0,0.114000000000033,0,3156.566
1977,6,0,0,0.46450000000004404,0,3156.566
J335,6,0,0,0.01,0,3156.566
1429,6,0,0,0.0360000000000582,0,3156.566
7372,6,0,0,0.01,0,3156.566
7439,6,0,0,0.109000000000037,0,3156.566
X288,6,0,0,0.39799999999991104,0,3156.566
6535,6,0,0,0.11900000000002801,0,3156.566
1658,6,0,0,0.01,0,3156.566
4382,6,0,0,0.01,0,3156.566
1554,6,0,0,0.10099999999999901,0,3156.566
7404,6,0,0,0.0,0,3156.566
5057,6,0,0,0.01,0,3156.566
8598,6,0,0,0.01,0,3156.566
J007,6,0,0,0.703499999999963,0,3156.566
J549,6,0,0,0.793499999999995,0,3156.566
8058,6,0,0,0.0,0,3156.566
OWN-8058,6,0,0,0.0,0,3156.566
8058-1,6,0,0,0.0,0,3156.566
OWN-8058-1,6,0,0,0.0,0,3156.566
J007-1,6,0,0,0.687999999999988,0,3156.566
5057-1,6,0,0,1.3239999999999599,0,3156.566
8598-1,6,0,0,1.3139999999999599,0,3156.566
X155,6,0,0,0.249500000000012,0,3156.566
B559,6,0,0,0.487999999999943,0,3156.566
5896,6,0,0,1.2595,0,3156.566
7076,6,0,0,0.13800000000003398,0,3156.566
1159,6,0,0,0.0,0,3156.566
A176,6,0,0,0.0024999999999408802,0,3156.566
B972,6,0,0,0.0410000000000537,0,3156.566
1837,6,0,0,0.268999999999892,0,3156.566
983,6,0,0,0.24099999999998498,0,3156.566
B933,6,0,0,0.4044999999999849,0,3156.566
7694,6,0,0,0.0489999999999782,0,3156.566
7726,6,0,0,0.00700000000006185,0,3156.566
8528,6,0,0,0.0,0,3156.566
OWN-8528,6,0,0,0.0,0,3156.566
GEN-8528,6,0,1,,0,3156.566
GEN-A403,7,1,0,,0,2330.485
A403,7,0,0,0.0,1,2330.485
OWN-A403,7,0,0,0.0,0,2330.485
2241,7,0,0,1.2705,0,2330.485
A408,7,0,0,0.8505,0,2330.485
7463,7,0,0,0.0114999999999998,0,2330.485
B442,7,0,0,0.10999999999999902,0,2330.485
A546,7,0,0,0.29900000000000104,0,2330.485
A115,7,0,0,0.01,0,2330.485
9562,7,0,0,0.30749999999999894,0,2330.485
A539,7,0,0,1.5335,0,2330.485
2292,7,0,0,2.0385,0,2330.485
A388,7,0,0,1.222,0,2330.485
965,7,0,0,1.3095,0,2330.485
OWN-965,7,0,0,1.3095,0,2330.485
A362,7,0,0,0.7355,0,2330.485
7256,7,0,0,0.575000000000001,0,2330.485
1029,7,0,0,0.737,0,2330.485
7750,7,0,0,0.0215000000000014,0,2330.485
970,7,0,0,0.0,0,2330.485
OWN-970,7,0,0,0.0,0,2330.485
970-1,7,0,0,0.0,0,2330.485
OWN-970-1,7,0,0,0.0,0,2330.485
7750-1,7,0,0,0.0214999999999996,0,2330.485
1029-1,7,0,0,0.5379999999999999,0,2330.485
7256-1,7,0,0,0.0169999999999995,0,2330.485
A362-1,7,0,0,0.993499999999997,0,2330.485
965-1,7,0,0,0.5025000000000011,0,2330.485
OWN-965-1,7,0,0,0.5025000000000011,0,2330.485
A388-1,7,0,0,0.6350000000000021,0,2330.485
2292-1,7,0,0,0.253499999999999,0,2330.485
9562-1,7,0,0,0.20499999999999802,0,2330.485
A539-1,7,0,0,0.587499999999999,0,2330.485
A400,7,0,0,0.151499999999999,0,2330.485
A115-1,7,0,0,0.6495,0,2330.485
A546-1,7,0,0,0.253499999999999,0,2330.485
2277,7,0,0,0.31099999999999606,0,2330.485
9518,7,0,0,0.32949999999999896,0,2330.485
811,7,0,0,0.0834999999999972,0,2330.485
OWN-811,7,0,0,0.0834999999999972,0,2330.485
B998,7,0,0,0.01,0,2330.485
A606,7,0,0,0.0395000000000003,0,2330.485
A563,7,0,0,0.099499999999999,0,2330.485
A316,7,0,0,0.6920000000000001,0,2330.485
7754,7,0,0,0.8325,0,2330.485
2296,7,0,0,1.2295,0,2330.485
B544,7,0,0,1.475,0,2330.485
A235,7,0,0,1.5665,0,2330.485
6945,7,0,0,2.084,0,2330.485
2252,7,0,0,0.0,0,2330.485
OWN-2252,7,0,0,0.0,0,2330.485
2252-1,7,0,0,0.0,0,2330.485
OWN-2252-1,7,0,0,0.0,0,2330.485
2296-1,7,0,0,2.42450000000008,0,2330.485
B544-1,7,0,0,2.6700000000002997,0,2330.485
6945-1,7,0,0,1.23350000000005,0,2330.485
A235-1,7,0,0,0.379500000000235,0,2330.485
7754-1,7,0,0,0.269500000000107,0,2330.485
A316-1,7,0,0,0.997500000000173,0,2330.485
A271,7,0,0,0.364500000000135,0,2330.485
2220,7,0,0,0.763500000000249,0,2330.485
2644,7,0,0,0.20150000000012397,0,2330.485
A291,7,0,0,0.125500000000102,0,2330.485
939,7,0,0,0.00200000000018008,0,2330.485
976,7,0,0,0.656500000000051,0,2330.485
A296,7,0,0,0.35149999999998705,0,2330.485
830,7,0,0,0.962500000000091,0,2330.485
A084,7,0,0,0.00200000000018008,0,2330.485
9547,7,0,0,0.153999999999996,0,2330.485
2267,7,0,0,0.01,0,2330.485
944,7,0,0,0.7010000000000219,0,2330.485
A425,7,0,0,0.5935000000001761,0,2330.485
A074,7,0,0,0.786000000000058,0,2330.485
2204,7,0,0,0.38499999999999107,0,2330.485
A427,7,0,0,0.336500000000115,0,2330.485
935,7,0,0,0.45950000000016206,0,2330.485
A432,7,0,0,1.3195000000002899,0,2330.485
A429,7,0,0,0.8550000000000179,0,2330.485
2226,7,0,0,0.57100000000014,0,2330.485
2221,7,0,0,0.46350000000006697,0,2330.485
B715,7,0,0,0.130000000000109,0,2330.485
7808,7,0,0,1.65300000000002,0,2330.485
A649,7,0,0,4.35200000000032,0,2330.485
5520,7,0,0,0.01,0,2330.485
A628,7,0,0,0.0190000000002328,0,2330.485
A435,7,0,0,0.01,0,2330.485
2561,7,0,0,0.01,0,2330.485
OWN-2561,7,0,0,0.01,0,2330.485
7073,7,0,0,0.0720000000001164,0,2330.485
7759,7,0,0,0.0125000000000455,0,2330.485
X195,7,0,0,0.470500000000129,0,2330.485
7194,7,0,0,0.0800000000001546,0,2330.485
7760,7,0,0,0.0140000000001237,0,2330.485
8610,7,0,0,1.0285000000001199,0,2330.485
1273,7,0,0,1.03050000000007,0,2330.485
B089,7,0,0,0.0165000000001783,0,2330.485
4382,7,0,0,0.492500000000064,0,2330.485
1658,7,0,0,0.0910000000001219,0,2330.485
125,7,0,0,0.0695000000000618,0,2330.485
J416,7,0,0,0.3640000000000329,0,2330.485
1434,7,0,0,0.251500000000078,0,2330.485
J822,7,0,0,0.268500000000131,0,2330.485
7466,7,0,0,0.64650000000006,0,2330.485
1614,7,0,0,0.007500000000163709,0,2330.485
J783,7,0,0,0.01,0,2330.485
4728,7,0,0,0.01,0,2330.485
J048,7,0,0,0.0450000000000728,0,2330.485
1600,7,0,0,1.14150000000018,0,2330.485
5707,7,0,0,0.300000000000182,0,2330.485
J039,7,0,0,0.0260000000000673,0,2330.485
1430,7,0,0,0.0585000000000946,0,2330.485
J040,7,0,0,0.666000000000167,0,2330.485
7786,7,0,0,0.310000000000173,0,2330.485
4170,7,0,0,0.0105000000000928,0,2330.485
J695,7,0,0,0.9260000000001579,0,2330.485
1967,7,0,0,0.01,0,2330.485
1452,7,0,0,0.0190000000002328,0,2330.485
J041,7,0,0,0.31750000000010903,0,2330.485
7473,7,0,0,0.12100000000009499,0,2330.485
6999,7,0,0,0.01,0,2330.485
5508,7,0,0,0.01,0,2330.485
J663,7,0,0,1.4380000000001,0,2330.485
1101,7,0,0,0.0,0,2330.485
OWN-1101,7,0,0,0.0,0,2330.485
GEN-1101,7,0,1,,0,2330.485
GEN-926,8,1,0,,0,2478.942
926,8,0,0,0.0,1,2478.942
OWN-926,8,0,0,0.0,0,2478.942
9542,8,0,0,0.827499999999986,0,2478.942
A471,8,0,0,0.115000000000009,0,2478.942
A470,8,0,0,5.6843418860808e-14,0,2478.942
A465,8,0,0,1.08350000000002,0,2478.942
9544,8,0,0,1.61950000000002,0,2478.942
A362,8,0,0,1.1264999999999599,0,2478.942
A388,8,0,0,0.495999999999981,0,2478.942
964,8,0,0,1.22900000000004,0,2478.942
9562,8,0,0,0.8949999999999821,0,2478.942
2292,8,0,0,0.11450000000002099,0,2478.942
A539,8,0,0,0.557000000000016,0,2478.942
A400,8,0,0,0.00249999999999773,0,2478.942
9518,8,0,0,0.864999999999952,0,2478.942
2277,8,0,0,0.148500000000013,0,2478.942
9499,8,0,0,0.0,0,2478.942
A107,8,0,0,0.8865000000000121,0,2478.942
5782,8,0,0,0.6920000000000072,0,2478.942
827,8,0,0,0.7025000000000429,0,2478.942
A117,8,0,0,1.03300000000002,0,2478.942
5567,8,0,0,0.911000000000001,0,2478.942
767,8,0,0,0.565999999999974,0,2478.942
817,8,0,0,1.3134999999999801,0,2478.942
2404,8,0,0,0.0324999999999704,0,2478.942
966,8,0,0,1.4325,0,2478.942
920,8,0,0,0.978499999999997,0,2478.942
3510,8,0,0,0.630999999999972,0,2478.942
OWN-3510,8,0,0,0.630999999999972,0,2478.942
7202,8,0,0,0.34649999999999204,0,2478.942
A399,8,0,0,0.7305000000000059,0,2478.942
8491,8,0,0,0.41900000000004,0,2478.942
A157,8,0,0,0.0190000000000055,0,2478.942
6951,8,0,0,1.1259999999999801,0,2478.942
810,8,0,0,0.01,0,2478.942
2216,8,0,0,0.01,0,2478.942
A426,8,0,0,0.266500000000008,0,2478.942
5720,8,0,0,0.0625,0,2478.942
7678,8,0,0,0.9155000000000091,0,2478.942
2806,8,0,0,1.90299999999996,0,2478.942
2246,8,0,0,0.7930000000000059,0,2478.942
A150,8,0,0,1.411,0,2478.942
B767,8,0,0,0.47899999999998494,0,2478.942
7735,8,0,0,0.535000000000025,0,2478.942
B907,8,0,0,2.11099999999999,0,2478.942
2330,8,0,0,3.363,0,2478.942
2328,8,0,0,0.02800000000002,0,2478.942
A153,8,0,0,0.0699999999999932,0,2478.942
A356,8,0,0,0.0289999999999964,0,2478.942
A510,8,0,0,0.114000000000033,0,2478.942
3147,8,0,0,0.49000000000000893,0,2478.942
A901,8,0,0,0.59050000000002,0,2478.942
7446,8,0,0,0.748500000000035,0,2478.942
7774,8,0,0,1.22849999999994,0,2478.942
A900,8,0,0,0.529499999999985,0,2478.942
3229,8,0,0,0.36450000000002103,0,2478.942
2284,8,0,0,0.188500000000033,0,2478.942
A905,8,0,0,0.0120000000000573,0,2478.942
3415,8,0,0,0.22349999999994502,0,2478.942
A906,8,0,0,0.183999999999969,0,2478.942
3295,8,0,0,1.8450000000000302,0,2478.942
3293,8,0,0,0.5465000000000371,0,2478.942
F174,8,0,0,0.0794999999999959,0,2478.942
3052,8,0,0,0.0109999999999673,0,2478.942
F731,8,0,0,0.01,0,2478.942
5909,8,0,0,8.970000000000029,0,2478.942
5908,8,0,0,1.26400000000001,0,2478.942
F313,8,0,0,0.01,0,2478.942
7420,8,0,0,0.0684999999999718,0,2478.942
F160,8,0,0,0.363500000000045,0,2478.942
X122,8,0,0,1.20650000000001,0,2478.942
3240,8,0,0,0.01,0,2478.942
F240,8,0,0,0.456500000000005,0,2478.942
F279,8,0,0,1.7645,0,2478.942
3725,8,0,0,0.646000000000015,0,2478.942
7782,8,0,0,0.877999999999986,0,2478.942
F340,8,0,0,0.64450000000005,0,2478.942
3722,8,0,0,0.785000000000025,0,2478.942
X096,8,0,0,0.49050000000005395,0,2478.942
F278,8,0,0,0.42750000000000893,0,2478.942
3662,8,0,0,0.01,0,2478.942
F337,8,0,0,0.149000000000001,0,2478.942
H903,8,0,0,2.10449999999997,0,2478.942
37,8,0,0,0.0,0,2478.942
OWN-37,8,0,0,0.0,0,2478.942
37-1,8,0,0,0.0,0,2478.942
OWN-37-1,8,0,0,0.0,0,2478.942
H903-1,8,0,0,1.9395000000000102,0,2478.942
F337-1,8,0,0,0.343999999999994,0,2478.942
3662-1,8,0,0,0.16999999999995902,0,2478.942
F278-1,8,0,0,0.374499999999955,0,2478.942
X096-1,8,0,0,0.42399999999997795,0,2478.942
3722-1,8,0,0,0.959000000000003,0,2478.942
F340-1,8,0,0,0.863999999999976,0,2478.942
7782-1,8,0,0,1.05849999999998,0,2478.942
3725-1,8,0,0,0.47249999999996795,0,2478.942
F279-1,8,0,0,1.28249999999997,0,2478.942
3240-1,8,0,0,0.01,0,2478.942
X122-1,8,0,0,1.4709999999999999,0,2478.942
F240-1,8,0,0,0.54649999999998,0,2478.942
F160-1,8,0,0,0.021000000000015,0,2478.942
7420-1,8,0,0,0.0919999999999845,0,2478.942
F313-1,8,0,0,0.4495,0,2478.942
5909-1,8,0,0,1.48649999999998,0,2478.942
5908-1,8,0,0,8.791,0,2478.942
F731-1,8,0,0,0.5185000000000171,0,2478.942
F363,8,0,0,0.0185000000000173,0,2478.942
3189,8,0,0,0.29649999999998,0,2478.942
X123,8,0,0,0.7925000000000179,0,2478.942
G004,8,0,0,0.01,0,2478.942
332,8,0,0,0.01,0,2478.942
848,8,0,0,0.18650000000002398,0,2478.942
8516,8,0,0,0.18650000000002398,0,2478.942
1236,8,0,0,0.0575000000000045,0,2478.942
A512,8,0,0,0.0330000000000155,0,2478.942
2565,8,0,0,0.0149999999999864,0,2478.942
7693,8,0,0,0.0149999999999864,0,2478.942
7176,8,0,0,0.0,0,2478.942
OWN-7176,8,0,0,0.0,0,2478.942
7176-1,8,0,0,0.0,0,2478.942
OWN-7176-1,8,0,0,0.0,0,2478.942
A176,8,0,0,0.205000000000041,0,2478.942
1159,8,0,0,0.0884999999999536,0,2478.942
7076,8,0,0,0.27550000000007896,0,2478.942
X270,8,0,0,0.01,0,2478.942
9552,8,0,0,0.01,0,2478.942
1289,8,0,0,0.8919999999999391,0,2478.942
B938,8,0,0,0.0475000000000136,0,2478.942
X137,8,0,0,0.06899999999996001,0,2478.942
8590,8,0,0,0.004500000000007279,0,2478.942
OWN-8590,8,0,0,0.004500000000007279,0,2478.942
7453,8,0,0,0.01,0,2478.942
B777,8,0,0,0.123500000000035,0,2478.942
7396,8,0,0,0.0300000000000864,0,2478.942
B812,8,0,0,0.0,0,2478.942
A301,8,0,0,0.3809999999999721,0,2478.942
A307,8,0,0,0.0660000000000309,0,2478.942
X287,8,0,0,0.0805000000000291,0,2478.942
A678,8,0,0,0.0594999999999573,0,2478.942
1273,8,0,0,0.0715000000000146,0,2478.942
8610,8,0,0,0.0694999999999482,0,2478.942
B089,8,0,0,0.114000000000033,0,2478.942
B542,8,0,0,0.0080000000000382,0,2478.942
1802,8,0,0,0.23300000000006102,0,2478.942
B541,8,0,0,0.36000000000001403,0,2478.942
8363,8,0,0,0.46299999999996505,0,2478.942
K718,8,0,0,0.44050000000004297,0,2478.942
J395,8,0,0,0.0470000000000255,0,2478.942
1401,8,0,0,0.0850000000000364,0,2478.942
7787,8,0,0,0.238500000000045,0,2478.942
K938,8,0,0,0.0,0,2478.942
X284,8,0,0,2.5010000000000896,0,2478.942
J367,8,0,0,0.391499999999951,0,2478.942
5597,8,0,0,0.42900000000008703,0,2478.942
4263,8,0,0,0.0684999999999718,0,2478.942
J415,8,0,0,0.01,0,2478.942
4257,8,0,0,0.6974999999999909,0,2478.942
1451,8,0,0,0.634000000000015,0,2478.942
J210,8,0,0,0.38250000000004997,0,2478.942
1474,8,0,0,0.238500000000045,0,2478.942
1671,8,0,0,0.01,0,2478.942
J558,8,0,0,0.0674999999999955,0,2478.942
1410,8,0,0,0.0644999999999527,0,2478.942
1421,8,0,0,1.40500000000009,0,2478.942
J652,8,0,0,0.511500000000069,0,2478.942
J623,8,0,0,1.00900000000001,0,2478.942
7780,8,0,0,0.01,0,2478.942
1490,8,0,0,1.00049999999999,0,2478.942
OWN-1490,8,0,0,1.00049999999999,0,2478.942
7262,8,0,0,0.26999999999998203,0,2478.942
7793,8,0,0,0.0294999999999845,0,2478.942
J831,8,0,0,0.14099999999996302,0,2478.942
4262,8,0,0,0.46249999999997704,0,2478.942
J833,8,0,0,0.01,0,2478.942
1442,8,0,0,0.01,0,2478.942
1462,8,0,0,1.04200000000003,0,2478.942
J427,8,0,0,0.01,0,2478.942
J127,8,0,0,1.04250000000002,0,2478.942
7299,8,0,0,0.0,0,2478.942
OWN-7299,8,0,0,0.0,0,2478.942
GEN-7299,8,0,1,,0,2478.942
GEN-923,9,1,0,,0,2432.61
923,9,0,0,0.0,1,2432.61
OWN-923,9,0,0,0.0,0,2432.61
4452,9,0,0,0.210500000000025,0,2432.61
2260,9,0,0,0.582499999999982,0,2432.61
A117,9,0,0,0.937000000000012,0,2432.61
827,9,0,0,0.482500000000016,0,2432.61
A262,9,0,0,0.0330000000000155,0,2432.61
A234,9,0,0,0.506500000000017,0,2432.61
A566,9,0,0,0.01,0,2432.61
2887,9,0,0,0.52800000000002,0,2432.61
B950,9,0,0,0.275500000000022,0,2432.61
A563,9,0,0,0.0740000000000123,0,2432.61
759,9,0,0,0.46799999999996106,0,2432.61
7676,9,0,0,0.0340000000000487,0,2432.61
986,9,0,0,0.675000000000011,0,2432.61
A712,9,0,0,1.86799999999999,0,2432.61
976,9,0,0,1.21800000000002,0,2432.61
2241,9,0,0,0.9954999999999928,0,2432.61
830,9,0,0,0.29350000000005105,0,2432.61
A296,9,0,0,0.648000000000025,0,2432.61
A084,9,0,0,0.39299999999997204,0,2432.61
9547,9,0,0,0.880000000000052,0,2432.61
2267,9,0,0,0.01,0,2432.61
944,9,0,0,1.09450000000004,0,2432.61
A425,9,0,0,0.510500000000036,0,2432.61
A074,9,0,0,0.702999999999975,0,2432.61
2204,9,0,0,0.28649999999999,0,2432.61
A427,9,0,0,0.23800000000000002,0,2432.61
935,9,0,0,0.36100000000004706,0,2432.61
A432,9,0,0,0.01,0,2432.61
A429,9,0,0,0.7565000000000172,0,2432.61
2226,9,0,0,0.472500000000025,0,2432.61
2221,9,0,0,0.36500000000000893,0,2432.61
B715,9,0,0,0.12999999999999498,0,2432.61
7808,9,0,0,1.65300000000002,0,2432.61
A649,9,0,0,4.37800000000004,0,2432.61
A402,9,0,0,1.13050000000004,0,2432.61
1002,9,0,0,2.1564999999999896,0,2432.61
7689,9,0,0,1.56,0,2432.61
1231,9,0,0,0.0325000000000273,0,2432.61
2231,9,0,0,0.59050000000002,0,2432.61
B997,9,0,0,0.000499999999988177,0,2432.61
2143,9,0,0,0.416500000000042,0,2432.61
A640,9,0,0,0.4669999999999849,0,2432.61
7653,9,0,0,0.01,0,2432.61
B782,9,0,0,0.01,0,2432.61
6396,9,0,0,0.22550000000001102,0,2432.61
7495,9,0,0,1.56299999999999,0,2432.61
X041,9,0,0,0.43100000000004,0,2432.61
5549,9,0,0,0.625499999999988,0,2432.61
X175,9,0,0,0.54200000000003,0,2432.61
2802,9,0,0,0.422000000000025,0,2432.61
2183,9,0,0,0.9714999999999921,0,2432.61
7795,9,0,0,0.16599999999999698,0,2432.61
5477,9,0,0,0.23400000000003698,0,2432.61
X037,9,0,0,0.0815000000000055,0,2432.61
X007,9,0,0,1.9205,0,2432.61
7319,9,0,0,1.93900000000002,0,2432.61
2279,9,0,0,0.14250000000004098,0,2432.61
X049,9,0,0,1.39700000000005,0,2432.61
1124,9,0,0,0.12200000000001401,0,2432.61
B055,9,0,0,0.15100000000001002,0,2432.61
5683,9,0,0,0.01,0,2432.61
A404,9,0,0,1.178,0,2432.61
7652,9,0,0,0.0520000000000209,0,2432.61
A533,9,0,0,0.45350000000002005,0,2432.61
4696,9,0,0,0.6610000000000009,0,2432.61
5730,9,0,0,1.4685000000000101,0,2432.61
1186,9,0,0,0.31200000000001193,0,2432.61
7773,9,0,0,0.0,0,2432.61
OWN-7773,9,0,0,0.0,0,2432.61
7773-1,9,0,0,0.0,0,2432.61
OWN-7773-1,9,0,0,0.0,0,2432.61
1186-1,9,0,0,0.0475000000000136,0,2432.61
5730-1,9,0,0,1.5645000000000102,0,2432.61
A533-1,9,0,0,0.0785000000000196,0,2432.61
7652-1,9,0,0,0.275500000000022,0,2432.61
4696-1,9,0,0,0.0315000000000225,0,2432.61
A404-1,9,0,0,0.01,0,2432.61
B770,9,0,0,0.7189999999999941,0,2432.61
B518,9,0,0,0.01,0,2432.61
7764,9,0,0,0.01,0,2432.61
X039,9,0,0,0.0320000000000107,0,2432.61
1047,9,0,0,0.7510000000000051,0,2432.61
8392,9,0,0,0.7510000000000051,0,2432.61
A326,9,0,0,0.0620000000000118,0,2432.61
A137,9,0,0,0.323000000000008,0,2432.61
X038,9,0,0,0.224000000000018,0,2432.61
B541,9,0,0,0.02800000000002,0,2432.61
2572,9,0,0,0.228500000000025,0,2432.61
7847,9,0,0,0.9329999999999928,0,2432.61
4447,9,0,0,0.933000000000021,0,2432.61
7195,9,0,0,1.8065,0,2432.61
B517,9,0,0,0.0,0,2432.61
OWN-B517,9,0,0,0.0,0,2432.61
B517-1,9,0,0,0.0,0,2432.61
OWN-B517-1,9,0,0,0.0,0,2432.61
7195-1,9,0,0,2.0809999999999897,0,2432.61
K710,9,0,0,0.0120000000000005,0,2432.61
1599,9,0,0,0.01,0,2432.61
7787,9,0,0,0.238499999999988,0,2432.61
K938,9,0,0,0.0,0,2432.61
X284,9,0,0,2.50099999999998,0,2432.61
J367,9,0,0,0.391499999999979,0,2432.61
5597,9,0,0,0.429000000000002,0,2432.61
1504,9,0,0,1.56299999999999,0,2432.61
4251,9,0,0,0.01,0,2432.61
J429,9,0,0,0.257000000000005,0,2432.61
1979,9,0,0,0.0314999999999941,0,2432.61
J526,9,0,0,0.0,0,2432.61
699,9,0,0,0.0,0,2432.61
OWN-699,9,0,0,0.0,0,2432.61
699-1,9,0,0,0.0,0,2432.61
OWN-699-1,9,0,0,0.0,0,2432.61
J536,9,0,0,0.7950000000000159,0,2432.61
4227,9,0,0,1.12700000000001,0,2432.61
K937,9,0,0,0.230000000000018,0,2432.61
J161,9,0,0,0.40050000000002206,0,2432.61
1404,9,0,0,0.10099999999999901,0,2432.61
J427,9,0,0,1.21800000000002,0,2432.61
J167,9,0,0,0.868000000000052,0,2432.61
1442,9,0,0,1.48850000000004,0,2432.61
J833,9,0,0,0.562000000000012,0,2432.61
4262,9,0,0,0.0455000000000041,0,2432.61
J831,9,0,0,0.44050000000004297,0,2432.61
7793,9,0,0,0.7454999999999928,0,2432.61
7780,9,0,0,3.8175,0,2432.61
7262,9,0,0,0.500500000000045,0,2432.61
1490,9,0,0,1.31800000000004,0,2432.61
OWN-1490,9,0,0,1.31800000000004,0,2432.61
J652,9,0,0,0.873500000000035,0,2432.61
1410,9,0,0,0.671999999999969,0,2432.61
J623,9,0,0,0.93950000000001,0,2432.61
1421,9,0,0,0.545500000000004,0,2432.61
1460,9,0,0,0.8240000000000121,0,2432.61
X208,9,0,0,1.37650000000002,0,2432.61
3301,9,0,0,1.14700000000005,0,2432.61
J283,9,0,0,1.5604999999999898,0,2432.61
4280,9,0,0,1.1079999999999999,0,2432.61
J823,9,0,0,0.561000000000035,0,2432.61
2550,9,0,0,1.36250000000001,0,2432.61
1415,9,0,0,1.9845000000000301,0,2432.61
7790,9,0,0,0.01,0,2432.61
J292,9,0,0,2.18900000000002,0,2432.61
J286,9,0,0,1.51749999999998,0,2432.61
J290,9,0,0,1.60350000000005,0,2432.61
J420,9,0,0,1.226,0,2432.61
J490,9,0,0,2.26650000000001,0,2432.61
1502,9,0,0,0.317500000000052,0,2432.61
J430,9,0,0,0.0360000000000014,0,2432.61
J542,9,0,0,1.35450000000003,0,2432.61
X098,9,0,0,0.907500000000027,0,2432.61
J294,9,0,0,0.0110000000000241,0,2432.61
5435,9,0,0,1.30150000000003,0,2432.61
5413,9,0,0,0.5819999999999941,0,2432.61
465,9,0,0,0.658000000000015,0,2432.61
4361,9,0,0,0.0415000000000418,0,2432.61
J515,9,0,0,0.0369999999999777,0,2432.61
7449,9,0,0,0.382499999999993,0,2432.61
5436,9,0,0,0.0819999999999936,0,2432.61
J382,9,0,0,0.01,0,2432.61
X042,9,0,0,0.01,0,2432.61
X111,9,0,0,0.532000000000039,0,2432.61
7773-2,9,0,0,0.01,0,2432.61
OWN-7773-2,9,0,0,0.01,0,2432.61
1186-2,9,0,0,0.0925000000000296,0,2432.61
4696-2,9,0,0,0.66500000000002,0,2432.61
5730-2,9,0,0,1.3784999999999699,0,2432.61
A533-2,9,0,0,0.0445000000000277,0,2432.61
7652-2,9,0,0,0.24150000000003,0,2432.61
A404-2,9,0,0,1.12700000000001,0,2432.61
5683-1,9,0,0,0.01,0,2432.61
B055-1,9,0,0,0.42300000000005894,0,2432.61
X049-1,9,0,0,0.0155000000000314,0,2432.61
1124-1,9,0,0,1.315,0,2432.61
2279-1,9,0,0,0.6915000000000759,0,2432.61
X007-1,9,0,0,1.8330000000000302,0,2432.61
7319-1,9,0,0,0.0140000000000668,0,2432.61
X037-1,9,0,0,1.7765,0,2432.61
5477-1,9,0,0,0.20700000000005,0,2432.61
7795-1,9,0,0,0.456500000000005,0,2432.61
2183-1,9,0,0,1.0670000000000601,0,2432.61
2802-1,9,0,0,0.607500000000016,0,2432.61
X175-1,9,0,0,0.8009999999999879,0,2432.61
5549-1,9,0,0,0.43099999999998295,0,2432.61
X041-1,9,0,0,0.221000000000004,0,2432.61
7495-1,9,0,0,1.798,0,2432.61
6396-1,9,0,0,0.01,0,2432.61
B782-1,9,0,0,0.01,0,2432.61
7653-1,9,0,0,0.01,0,2432.61
7367,9,0,0,0.0295000000000414,0,2432.61
A640-1,9,0,0,0.215000000000032,0,2432.61
2143-1,9,0,0,0.0229999999999677,0,2432.61
B997-1,9,0,0,0.924000000000035,0,2432.61
2231-1,9,0,0,0.445500000000038,0,2432.61
1231-1,9,0,0,1.15949999999998,0,2432.61
7689-1,9,0,0,1.5990000000000502,0,2432.61
1002-1,9,0,0,1.96550000000002,0,2432.61
A402-1,9,0,0,0.8580000000000609,0,2432.61
A649-1,9,0,0,1.375,0,2432.61
7808-1,9,0,0,1.99850000000004,0,2432.61
B715-1,9,0,0,0.448000000000036,0,2432.61
2221-1,9,0,0,0.439000000000021,0,2432.61
2226-1,9,0,0,0.367500000000064,0,2432.61
A429-1,9,0,0,0.35700000000002796,0,2432.61
A432-1,9,0,0,0.9530000000000308,0,2432.61
935-1,9,0,0,0.339999999999975,0,2432.61
A427-1,9,0,0,1.00000000000006,0,2432.61
2204-1,9,0,0,0.521000000000015,0,2432.61
A074-1,9,0,0,0.247500000000059,0,2432.61
A425-1,9,0,0,0.750999999999976,0,2432.61
944-1,9,0,0,0.430000000000007,0,2432.61
2267-1,9,0,0,0.01,0,2432.61
9547-1,9,0,0,0.256500000000017,0,2432.61
A084-1,9,0,0,0.01,0,2432.61
830-1,9,0,0,0.30200000000002103,0,2432.61
A296-1,9,0,0,0.7080000000000269,0,2432.61
976-1,9,0,0,0.394000000000005,0,2432.61
939,9,0,0,0.0194999999999936,0,2432.61
A291,9,0,0,0.526999999999987,0,2432.61
2644,9,0,0,0.049000000000035,0,2432.61
A316,9,0,0,0.01,0,2432.61
7754,9,0,0,0.440499999999986,0,2432.61
5582,9,0,0,0.245000000000005,0,2432.61
A580,9,0,0,0.339000000000055,0,2432.61
920,9,0,0,2.27300000000002,0,2432.61
7202,9,0,0,0.7060000000000172,0,2432.61
3510,9,0,0,0.0,0,2432.61
OWN-3510,9,0,0,0.0,0,2432.61
GEN-3510,9,0,1,,0,2432.61
GEN-2252,10,1,0,,0,2432.1710000000003
2252,10,0,0,0.0,1,2432.1710000000003
OWN-2252,10,0,0,0.0,0,2432.1710000000003
2296,10,0,0,2.025,0,2432.1710000000003
A235,10,0,0,1.419,0,2432.1710000000003
B544,10,0,0,2.2705,0,2432.1710000000003
7754,10,0,0,0.7795000000000011,0,2432.1710000000003
A316,10,0,0,1.4375,0,2432.1710000000003
A563,10,0,0,0.2255,0,2432.1710000000003
B950,10,0,0,0.5749999999999991,0,2432.1710000000003
A606,10,0,0,0.0540000000000003,0,2432.1710000000003
5586,10,0,0,0.9934999999999989,0,2432.1710000000003
B998,10,0,0,0.797499999999999,0,2432.1710000000003
811,10,0,0,0.0,0,2432.1710000000003
OWN-811,10,0,0,0.0,0,2432.1710000000003
811-1,10,0,0,0.0,0,2432.1710000000003
OWN-811-1,10,0,0,0.0,0,2432.1710000000003
B998-1,10,0,0,1.36,0,2432.1710000000003
9518,10,0,0,1.0035,0,2432.1710000000003
A115,10,0,0,0.862500000000001,0,2432.1710000000003
A546,10,0,0,0.8125,0,2432.1710000000003
B442,10,0,0,0.41,0,2432.1710000000003
A446,10,0,0,0.01,0,2432.1710000000003
2199,10,0,0,0.9285,0,2432.1710000000003
2212,10,0,0,0.463500000000001,0,2432.1710000000003
2249,10,0,0,0.0834999999999999,0,2432.1710000000003
A442,10,0,0,0.7525,0,2432.1710000000003
1025,10,0,0,2.193,0,2432.1710000000003
A454,10,0,0,1.906,0,2432.1710000000003
7240,10,0,0,1.6865,0,2432.1710000000003
1026,10,0,0,1.581,0,2432.1710000000003
A441,10,0,0,0.0,0,2432.1710000000003
OWN-A441,10,0,0,0.0,0,2432.1710000000003
A441-1,10,0,0,0.0,0,2432.1710000000003
OWN-A441-1,10,0,0,0.0,0,2432.1710000000003
1026-1,10,0,0,1.3565,0,2432.1710000000003
7240-1,10,0,0,1.462,0,2432.1710000000003
2249-1,10,0,0,0.6609999999999999,0,2432.1710000000003
A442-1,10,0,0,0.565,0,2432.1710000000003
2199-1,10,0,0,0.775499999999999,0,2432.1710000000003
2212-1,10,0,0,0.01,0,2432.1710000000003
A446-1,10,0,0,0.01,0,2432.1710000000003
B442-1,10,0,0,0.4925,0,2432.1710000000003
A115-1,10,0,0,0.744999999999999,0,2432.1710000000003
A546-1,10,0,0,0.6609999999999999,0,2432.1710000000003
B998-2,10,0,0,1.84,0,2432.1710000000003
9518-1,10,0,0,1.206,0,2432.1710000000003
811-2,10,0,0,0.0,0,2432.1710000000003
OWN-811-2,10,0,0,0.0,0,2432.1710000000003
811-3,10,0,0,0.0,0,2432.1710000000003
OWN-811-3,10,0,0,0.0,0,2432.1710000000003
9518-2,10,0,0,1.12099999999998,0,2432.1710000000003
B998-3,10,0,0,0.09699999999997999,0,2432.1710000000003
A606-1,10,0,0,0.685999999999979,0,2432.1710000000003
7463,10,0,0,0.01,0,2432.1710000000003
A408,10,0,0,0.01,0,2432.1710000000003
5748,10,0,0,0.7674999999999841,0,2432.1710000000003
B402,10,0,0,0.01,0,2432.1710000000003
A421,10,0,0,0.01,0,2432.1710000000003
2268,10,0,0,0.08299999999997,0,2432.1710000000003
A436,10,0,0,0.01,0,2432.1710000000003
957,10,0,0,0.427999999999997,0,2432.1710000000003
9575,10,0,0,0.337499999999977,0,2432.1710000000003
OWN-9575,10,0,0,0.337499999999977,0,2432.1710000000003
935,10,0,0,0.539499999999975,0,2432.1710000000003
A432,10,0,0,0.12199999999995699,0,2432.1710000000003
A429,10,0,0,0.935000000000002,0,2432.1710000000003
2226,10,0,0,0.65100000000001,0,2432.1710000000003
2221,10,0,0,0.543499999999995,0,2432.1710000000003
B715,10,0,0,0.12999999999999498,0,2432.1710000000003
7808,10,0,0,1.65300000000002,0,2432.1710000000003
A649,10,0,0,4.37799999999999,0,2432.1710000000003
A402,10,0,0,1.13049999999998,0,2432.1710000000003
1002,10,0,0,2.1564999999999896,0,2432.1710000000003
7689,10,0,0,1.5599999999999499,0,2432.1710000000003
1231,10,0,0,0.0325000000000273,0,2432.1710000000003
2231,10,0,0,0.59050000000002,0,2432.1710000000003
B997,10,0,0,0.000499999999988177,0,2432.1710000000003
2143,10,0,0,0.41649999999998494,0,2432.1710000000003
A640,10,0,0,0.4669999999999849,0,2432.1710000000003
7653,10,0,0,0.01,0,2432.1710000000003
B782,10,0,0,0.01,0,2432.1710000000003
6396,10,0,0,0.22550000000001102,0,2432.1710000000003
7495,10,0,0,1.56299999999999,0,2432.1710000000003
X041,10,0,0,0.43099999999998295,0,2432.1710000000003
5549,10,0,0,0.625499999999988,0,2432.1710000000003
X175,10,0,0,0.541999999999973,0,2432.1710000000003
2802,10,0,0,0.421999999999969,0,2432.1710000000003
2183,10,0,0,0.9714999999999921,0,2432.1710000000003
7795,10,0,0,0.16599999999999698,0,2432.1710000000003
5477,10,0,0,0.23400000000003698,0,2432.1710000000003
X037,10,0,0,0.0815000000000055,0,2432.1710000000003
X007,10,0,0,1.92049999999995,0,2432.1710000000003
7319,10,0,0,1.93900000000002,0,2432.1710000000003
2279,10,0,0,0.142499999999984,0,2432.1710000000003
X049,10,0,0,1.39699999999993,0,2432.1710000000003
1124,10,0,0,0.12199999999995699,0,2432.1710000000003
B055,10,0,0,0.150999999999954,0,2432.1710000000003
5683,10,0,0,0.01,0,2432.1710000000003
A404,10,0,0,1.178,0,2432.1710000000003
7652,10,0,0,0.0520000000000209,0,2432.1710000000003
A533,10,0,0,0.45350000000002005,0,2432.1710000000003
4696,10,0,0,0.660999999999945,0,2432.1710000000003
5730,10,0,0,1.4685000000000101,0,2432.1710000000003
1186,10,0,0,0.31200000000001193,0,2432.1710000000003
7773,10,0,0,0.01,0,2432.1710000000003
OWN-7773,10,0,0,0.01,0,2432.1710000000003
X111,10,0,0,0.507000000000005,0,2432.1710000000003
X042,10,0,0,0.01,0,2432.1710000000003
J382,10,0,0,0.01,0,2432.1710000000003
5436,10,0,0,0.0720000000000027,0,2432.1710000000003
7449,10,0,0,0.0799999999999841,0,2432.1710000000003
J515,10,0,0,0.0559999999999832,0,2432.1710000000003
4361,10,0,0,0.32099999999997,0,2432.1710000000003
465,10,0,0,0.6759999999999879,0,2432.1710000000003
5413,10,0,0,0.510999999999967,0,2432.1710000000003
5435,10,0,0,1.45350000000002,0,2432.1710000000003
J294,10,0,0,1.63849999999996,0,2432.1710000000003
X098,10,0,0,1.04049999999995,0,2432.1710000000003
J542,10,0,0,0.148500000000013,0,2432.1710000000003
5871,10,0,0,1.7759999999999498,0,2432.1710000000003
250,10,0,0,1.9805000000000101,0,2432.1710000000003
6989,10,0,0,1.73849999999999,0,2432.1710000000003
8094,10,0,0,0.8644999999999641,0,2432.1710000000003
4294,10,0,0,0.84899999999999,0,2432.1710000000003
5731,10,0,0,1.18949999999995,0,2432.1710000000003
J495,10,0,0,1.91749999999996,0,2432.1710000000003
4208,10,0,0,0.0,0,2432.1710000000003
OWN-4208,10,0,0,0.0,0,2432.1710000000003
4208-1,10,0,0,0.0,0,2432.1710000000003
OWN-4208-1,10,0,0,0.0,0,2432.1710000000003
J495-1,10,0,0,2.11250000000001,0,2432.1710000000003
5731-1,10,0,0,0.716499999999996,0,2432.1710000000003
4294-1,10,0,0,0.705499999999972,0,2432.1710000000003
250-1,10,0,0,1.89999999999998,0,2432.1710000000003
8094-1,10,0,0,0.8395000000000441,0,2432.1710000000003
6989-1,10,0,0,2.97200000000004,0,2432.1710000000003
5871-1,10,0,0,1.57049999999998,0,2432.1710000000003
J542-1,10,0,0,0.79849999999999,0,2432.1710000000003
X098-1,10,0,0,0.33550000000002506,0,2432.1710000000003
J294-1,10,0,0,0.270500000000027,0,2432.1710000000003
5435-1,10,0,0,1.30150000000003,0,2432.1710000000003
5413-1,10,0,0,0.58200000000005,0,2432.1710000000003
465-1,10,0,0,0.6580000000000721,0,2432.1710000000003
4361-1,10,0,0,0.0415000000000418,0,2432.1710000000003
J515-1,10,0,0,0.0370000000000346,0,2432.1710000000003
7449-1,10,0,0,0.382499999999993,0,2432.1710000000003
5436-1,10,0,0,0.0820000000000505,0,2432.1710000000003
J382-1,10,0,0,0.01,0,2432.1710000000003
X042-1,10,0,0,0.01,0,2432.1710000000003
X111-1,10,0,0,0.532000000000039,0,2432.1710000000003
7773-1,10,0,0,0.01,0,2432.1710000000003
OWN-7773-1,10,0,0,0.01,0,2432.1710000000003
1186-1,10,0,0,0.0925000000000296,0,2432.1710000000003
4696-1,10,0,0,0.66500000000002,0,2432.1710000000003
5730-1,10,0,0,1.37850000000003,0,2432.1710000000003
A533-1,10,0,0,0.0445000000000277,0,2432.1710000000003
7652-1,10,0,0,0.24150000000003,0,2432.1710000000003
A404-1,10,0,0,1.12700000000001,0,2432.1710000000003
5683-1,10,0,0,0.01,0,2432.1710000000003
B055-1,10,0,0,0.423000000000002,0,2432.1710000000003
X049-1,10,0,0,0.0155000000000314,0,2432.1710000000003
1124-1,10,0,0,1.315,0,2432.1710000000003
2279-1,10,0,0,0.6915000000000191,0,2432.1710000000003
X007-1,10,0,0,1.8330000000000302,0,2432.1710000000003
7319-1,10,0,0,0.01400000000001,0,2432.1710000000003
X037-1,10,0,0,1.7765,0,2432.1710000000003
5477-1,10,0,0,0.20700000000005,0,2432.1710000000003
7795-1,10,0,0,0.456500000000005,0,2432.1710000000003
2183-1,10,0,0,1.06700000000001,0,2432.1710000000003
2802-1,10,0,0,0.607500000000016,0,2432.1710000000003
X175-1,10,0,0,0.801000000000045,0,2432.1710000000003
5549-1,10,0,0,0.43099999999998295,0,2432.1710000000003
X041-1,10,0,0,0.22100000000006,0,2432.1710000000003
7495-1,10,0,0,1.798,0,2432.1710000000003
6396-1,10,0,0,0.01,0,2432.1710000000003
B782-1,10,0,0,0.01,0,2432.1710000000003
7653-1,10,0,0,0.01,0,2432.1710000000003
7367,10,0,0,0.0294999999999845,0,2432.1710000000003
A640-1,10,0,0,0.21499999999997502,0,2432.1710000000003
2143-1,10,0,0,0.0230000000000246,0,2432.1710000000003
B997-1,10,0,0,0.924000000000035,0,2432.1710000000003
2231-1,10,0,0,0.445499999999981,0,2432.1710000000003
1231-1,10,0,0,1.1595000000000402,0,2432.1710000000003
7689-1,10,0,0,1.5989999999999898,0,2432.1710000000003
1002-1,10,0,0,1.96550000000002,0,2432.1710000000003
A402-1,10,0,0,0.858000000000004,0,2432.1710000000003
A649-1,10,0,0,1.3750000000000602,0,2432.1710000000003
7808-1,10,0,0,2.15350000000001,0,2432.1710000000003
B715-1,10,0,0,0.603000000000009,0,2432.1710000000003
2221-1,10,0,0,0.98399999999998,0,2432.1710000000003
2226-1,10,0,0,0.907000000000039,0,2432.1710000000003
A429-1,10,0,0,0.873499999999979,0,2432.1710000000003
A432-1,10,0,0,0.0,0,2432.1710000000003
957-1,10,0,0,0.0335000000000605,0,2432.1710000000003
A436-1,10,0,0,0.274000000000001,0,2432.1710000000003
7661,10,0,0,1.77499999999998,0,2432.1710000000003
1026-2,10,0,0,1.74349999999998,0,2432.1710000000003
7240-2,10,0,0,2.12750000000005,0,2432.1710000000003
A441-2,10,0,0,0.0,0,2432.1710000000003
OWN-A441-2,10,0,0,0.0,0,2432.1710000000003
A441-3,10,0,0,0.0,0,2432.1710000000003
OWN-A441-3,10,0,0,0.0,0,2432.1710000000003
7240-3,10,0,0,2.40050000000002,0,2432.1710000000003
1026-3,10,0,0,2.01649999999995,0,2432.1710000000003
7661-1,10,0,0,1.7234999999999399,0,2432.1710000000003
A436-2,10,0,0,0.40699999999998204,0,2432.1710000000003
957-2,10,0,0,0.764499999999998,0,2432.1710000000003
A432-2,10,0,0,0.12200000000001401,0,2432.1710000000003
935-1,10,0,0,2.22200000000004,0,2432.1710000000003
A429-2,10,0,0,1.16849999999999,0,2432.1710000000003
2226-2,10,0,0,0.941499999999962,0,2432.1710000000003
2221-2,10,0,0,0.834000000000003,0,2432.1710000000003
B715-2,10,0,0,0.12999999999999498,0,2432.1710000000003
7808-2,10,0,0,1.65299999999996,0,2432.1710000000003
A649-2,10,0,0,4.37799999999999,0,2432.1710000000003
A402-2,10,0,0,1.13049999999998,0,2432.1710000000003
1002-2,10,0,0,2.1564999999999896,0,2432.1710000000003
7689-2,10,0,0,1.56,0,2432.1710000000003
1231-2,10,0,0,0.0324999999999704,0,2432.1710000000003
2231-2,10,0,0,0.590499999999963,0,2432.1710000000003
B997-2,10,0,0,0.000499999999988177,0,2432.1710000000003
2143-2,10,0,0,0.41649999999998494,0,2432.1710000000003
A640-2,10,0,0,0.4669999999999849,0,2432.1710000000003
7653-2,10,0,0,0.01,0,2432.1710000000003
B782-2,10,0,0,0.01,0,2432.1710000000003
6396-2,10,0,0,0.225499999999954,0,2432.1710000000003
7495-2,10,0,0,1.56299999999999,0,2432.1710000000003
X041-2,10,0,0,0.43099999999998295,0,2432.1710000000003
5549-2,10,0,0,0.625499999999988,0,2432.1710000000003
X175-2,10,0,0,0.541999999999973,0,2432.1710000000003
2802-2,10,0,0,0.421999999999969,0,2432.1710000000003
2183-2,10,0,0,0.9714999999999921,0,2432.1710000000003
7795-2,10,0,0,0.16599999999999698,0,2432.1710000000003
5477-2,10,0,0,0.23399999999998,0,2432.1710000000003
X037-2,10,0,0,0.0815000000000055,0,2432.1710000000003
X007-2,10,0,0,1.9205,0,2432.1710000000003
7319-2,10,0,0,1.93899999999996,0,2432.1710000000003
2279-2,10,0,0,0.142499999999984,0,2432.1710000000003
X049-2,10,0,0,1.3969999999999898,0,2432.1710000000003
1124-2,10,0,0,0.12200000000001401,0,2432.1710000000003
B055-2,10,0,0,0.15100000000001002,0,2432.1710000000003
5683-2,10,0,0,0.01,0,2432.1710000000003
A404-2,10,0,0,1.178,0,2432.1710000000003
7652-2,10,0,0,0.0519999999999641,0,2432.1710000000003
A533-2,10,0,0,0.453499999999963,0,2432.1710000000003
4696-2,10,0,0,0.6610000000000009,0,2432.1710000000003
5730-2,10,0,0,1.46849999999995,0,2432.1710000000003
1186-2,10,0,0,0.311999999999955,0,2432.1710000000003
7773-2,10,0,0,0.0,0,2432.1710000000003
OWN-7773-2,10,0,0,0.0,0,2432.1710000000003
GEN-7773,10,0,1,,0,2432.1710000000003
